reporter,partner,TIME_PERIOD,OBS_VALUE
ES,UK,2008-01,1230666666.6666667
ES,UK,2008-02,1404000000.0
ES,UK,2008-03,1577333333.3333333
ES,UK,2008-04,1750666666.6666667
ES,UK,2008-05,1873666666.6666667
ES,UK,2008-06,1996666666.6666667
ES,UK,2008-07,2119666666.6666665
ES,UK,2008-08,1813777777.7777777
ES,UK,2008-09,1507888888.8888888
ES,UK,2008-10,1202000000.0
ES,UK,2008-11,1102333333.3333333
ES,UK,2008-12,1002666666.6666666
ES,UK,2009-01,903000000.0
ES,UK,2009-02,1042333333.3333333
ES,UK,2009-03,1181666666.6666667
ES,UK,2009-04,1321000000.0
ES,UK,2009-05,1419777777.7777777
ES,UK,2009-06,1518555555.5555556
ES,UK,2009-07,1617333333.3333333
ES,UK,2009-08,1392000000.0
ES,UK,2009-09,1166666666.6666667
ES,UK,2009-10,941333333.3333334
ES,UK,2009-11,901222222.2222222
ES,UK,2009-12,861111111.1111112
ES,UK,2010-01,821000000.0
ES,UK,2010-02,946333333.3333334
ES,UK,2010-03,1071666666.6666667
ES,UK,2010-04,1197000000.0
ES,UK,2010-05,1327222222.222222
ES,UK,2010-06,1457444444.4444444
ES,UK,2010-07,1587666666.6666667
ES,UK,2010-08,1362888888.8888888
ES,UK,2010-09,1138111111.1111112
ES,UK,2010-10,913333333.3333334
ES,UK,2010-11,896000000.0
ES,UK,2010-12,878666666.6666666
ES,UK,2011-01,861333333.3333334
ES,UK,2011-02,1010666666.6666666
ES,UK,2011-03,1160000000.0
ES,UK,2011-04,1309333333.3333333
ES,UK,2011-05,1428444444.4444444
ES,UK,2011-06,1547555555.5555556
ES,UK,2011-07,1666666666.6666667
ES,UK,2011-08,1456666666.6666667
ES,UK,2011-09,1246666666.6666667
ES,UK,2011-10,1036666666.6666667
ES,UK,2011-11,995444444.4444444
ES,UK,2011-12,954222222.2222222
ES,UK,2012-01,913000000.0
ES,UK,2012-02,1078222222.222222
ES,UK,2012-03,1243444444.4444447
ES,UK,2012-04,1408666666.6666667
ES,UK,2012-05,1529777777.7777777
ES,UK,2012-06,1650888888.8888888
ES,UK,2012-07,1772000000.0
ES,UK,2012-08,1511333333.3333333
ES,UK,2012-09,1250666666.6666667
ES,UK,2012-10,990000000.0
ES,UK,2012-11,929666666.6666666
ES,UK,2012-12,869333333.3333334
ES,BE,2013-01,170000000.0
ES,DE,2013-01,761000000.0
ES,FR,2013-01,816333333.3333334
ES,IT,2013-01,219000000.0
ES,NL,2013-01,262666666.6666667
ES,PT,2013-01,194333333.33333334
ES,UK,2013-01,809000000.0
ES,BE,2013-02,188222222.2222222
ES,DE,2013-02,887888888.8888888
ES,FR,2013-02,866555555.5555556
ES,IT,2013-02,239444444.44444445
ES,NL,2013-02,302111111.11111116
ES,PT,2013-02,199333333.33333334
ES,UK,2013-02,1002777777.7777778
ES,BE,2013-03,206444444.44444445
ES,DE,2013-03,1014777777.7777778
ES,FR,2013-03,916777777.7777778
ES,IT,2013-03,259888888.88888887
ES,NL,2013-03,341555555.5555556
ES,PT,2013-03,204333333.33333334
ES,UK,2013-03,1196555555.5555556
ES,BE,2013-04,224666666.66666666
ES,DE,2013-04,1141666666.6666667
ES,FR,2013-04,967000000.0
ES,IT,2013-04,280333333.3333333
ES,NL,2013-04,381000000.0
ES,PT,2013-04,209333333.33333334
ES,UK,2013-04,1390333333.3333333
ES,BE,2013-05,264666666.6666667
ES,DE,2013-05,1193111111.1111112
ES,FR,2013-05,1107111111.1111112
ES,IT,2013-05,334888888.88888884
ES,NL,2013-05,410444444.4444444
ES,PT,2013-05,229888888.8888889
ES,UK,2013-05,1515666666.6666667
ES,BE,2013-06,304666666.6666667
ES,DE,2013-06,1244555555.5555553
ES,FR,2013-06,1247222222.222222
ES,IT,2013-06,389444444.4444444
ES,NL,2013-06,439888888.8888889
ES,PT,2013-06,250444444.44444445
ES,UK,2013-06,1641000000.0
ES,BE,2013-07,344666666.6666667
ES,DE,2013-07,1296000000.0
ES,FR,2013-07,1387333333.3333333
ES,IT,2013-07,444000000.0
ES,NL,2013-07,469333333.3333333
ES,PT,2013-07,271000000.0
ES,UK,2013-07,1766333333.3333333
ES,BE,2013-08,299666666.6666667
ES,DE,2013-08,1194111111.1111112
ES,FR,2013-08,1209777777.777778
ES,IT,2013-08,381444444.4444444
ES,NL,2013-08,423111111.1111111
ES,PT,2013-08,245888888.8888889
ES,UK,2013-08,1519333333.3333333
ES,BE,2013-09,254666666.66666666
ES,DE,2013-09,1092222222.222222
ES,FR,2013-09,1032222222.2222224
ES,IT,2013-09,318888888.8888889
ES,NL,2013-09,376888888.8888889
ES,PT,2013-09,220777777.7777778
ES,UK,2013-09,1272333333.3333333
ES,BE,2013-10,209666666.66666666
ES,DE,2013-10,990333333.3333334
ES,FR,2013-10,854666666.6666666
ES,IT,2013-10,256333333.3333333
ES,NL,2013-10,330666666.6666667
ES,PT,2013-10,195666666.66666666
ES,UK,2013-10,1025333333.3333333
ES,BE,2013-11,197111111.1111111
ES,DE,2013-11,930222222.2222222
ES,FR,2013-11,815555555.5555556
ES,IT,2013-11,246777777.7777778
ES,NL,2013-11,322888888.88888884
ES,PT,2013-11,185222222.2222222
ES,UK,2013-11,972222222.2222222
ES,BE,2013-12,184555555.55555555
ES,DE,2013-12,870111111.1111112
ES,FR,2013-12,776444444.4444444
ES,IT,2013-12,237222222.2222222
ES,NL,2013-12,315111111.11111116
ES,PT,2013-12,174777777.7777778
ES,UK,2013-12,919111111.1111112
ES,BE,2014-01,172000000.0
ES,DE,2014-01,810000000.0
ES,FR,2014-01,737333333.3333334
ES,IT,2014-01,227666666.66666666
ES,NL,2014-01,307333333.3333333
ES,PT,2014-01,164333333.33333334
ES,UK,2014-01,866000000.0
ES,BE,2014-02,192666666.66666666
ES,DE,2014-02,906000000.0
ES,FR,2014-02,825111111.1111112
ES,IT,2014-02,265666666.6666667
ES,NL,2014-02,339444444.4444445
ES,PT,2014-02,186555555.55555555
ES,UK,2014-02,1065888888.888889
ES,BE,2014-03,213333333.33333334
ES,DE,2014-03,1002000000.0
ES,FR,2014-03,912888888.8888888
ES,IT,2014-03,303666666.6666667
ES,NL,2014-03,371555555.5555556
ES,PT,2014-03,208777777.7777778
ES,UK,2014-03,1265777777.7777777
ES,BE,2014-04,234000000.0
ES,DE,2014-04,1098000000.0
ES,FR,2014-04,1000666666.6666666
ES,IT,2014-04,341666666.6666667
ES,NL,2014-04,403666666.6666667
ES,PT,2014-04,231000000.0
ES,UK,2014-04,1465666666.6666667
ES,BE,2014-05,263666666.6666667
ES,DE,2014-05,1165888888.8888888
ES,FR,2014-05,1182777777.777778
ES,IT,2014-05,385333333.3333333
ES,NL,2014-05,435666666.6666667
ES,PT,2014-05,249000000.0
ES,UK,2014-05,1595333333.3333333
ES,BE,2014-06,293333333.3333333
ES,DE,2014-06,1233777777.777778
ES,FR,2014-06,1364888888.8888888
ES,IT,2014-06,429000000.0
ES,NL,2014-06,467666666.6666667
ES,PT,2014-06,267000000.0
ES,UK,2014-06,1725000000.0
ES,BE,2014-07,323000000.0
ES,DE,2014-07,1301666666.6666667
ES,FR,2014-07,1547000000.0
ES,IT,2014-07,472666666.6666667
ES,NL,2014-07,499666666.6666667
ES,PT,2014-07,285000000.0
ES,UK,2014-07,1854666666.6666667
ES,BE,2014-08,284888888.88888884
ES,DE,2014-08,1193111111.1111112
ES,FR,2014-08,1316000000.0
ES,IT,2014-08,414000000.0
ES,NL,2014-08,464000000.0
ES,PT,2014-08,258777777.77777776
ES,UK,2014-08,1614000000.0
ES,BE,2014-09,246777777.7777778
ES,DE,2014-09,1084555555.5555553
ES,FR,2014-09,1085000000.0
ES,IT,2014-09,355333333.3333333
ES,NL,2014-09,428333333.3333333
ES,PT,2014-09,232555555.55555555
ES,UK,2014-09,1373333333.3333333
ES,BE,2014-10,208666666.66666666
ES,DE,2014-10,976000000.0
ES,FR,2014-10,854000000.0
ES,IT,2014-10,296666666.6666667
ES,NL,2014-10,392666666.6666667
ES,PT,2014-10,206333333.33333334
ES,UK,2014-10,1132666666.6666667
ES,BE,2014-11,198777777.7777778
ES,DE,2014-11,926000000.0
ES,FR,2014-11,822777777.7777778
ES,IT,2014-11,294222222.2222222
ES,NL,2014-11,360666666.6666667
ES,PT,2014-11,203333333.33333334
ES,UK,2014-11,1071000000.0
ES,BE,2014-12,188888888.8888889
ES,DE,2014-12,876000000.0
ES,FR,2014-12,791555555.5555556
ES,IT,2014-12,291777777.7777778
ES,NL,2014-12,328666666.6666667
ES,PT,2014-12,200333333.33333334
ES,UK,2014-12,1009333333.3333334
ES,BE,2015-01,179000000.0
ES,DE,2015-01,826000000.0
ES,FR,2015-01,760333333.3333334
ES,IT,2015-01,289333333.3333333
ES,NL,2015-01,296666666.6666667
ES,PT,2015-01,197333333.33333334
ES,UK,2015-01,947666666.6666666
ES,BE,2015-02,206888888.8888889
ES,DE,2015-02,937444444.4444444
ES,FR,2015-02,843000000.0
ES,IT,2015-02,311333333.3333333
ES,NL,2015-02,362777777.7777778
ES,PT,2015-02,206000000.0
ES,UK,2015-02,1137555555.5555553
ES,BE,2015-03,234777777.7777778
ES,DE,2015-03,1048888888.888889
ES,FR,2015-03,925666666.6666666
ES,IT,2015-03,333333333.3333333
ES,NL,2015-03,428888888.8888889
ES,PT,2015-03,214666666.66666666
ES,UK,2015-03,1327444444.4444444
ES,BE,2015-04,262666666.6666667
ES,DE,2015-04,1160333333.3333333
ES,FR,2015-04,1008333333.3333334
ES,IT,2015-04,355333333.3333333
ES,NL,2015-04,495000000.0
ES,PT,2015-04,223333333.33333334
ES,UK,2015-04,1517333333.3333333
ES,BE,2015-05,300555555.5555555
ES,DE,2015-05,1246888888.8888888
ES,FR,2015-05,1139777777.777778
ES,IT,2015-05,405666666.6666667
ES,NL,2015-05,539666666.6666666
ES,PT,2015-05,243222222.2222222
ES,UK,2015-05,1661111111.1111112
ES,BE,2015-06,338444444.4444445
ES,DE,2015-06,1333444444.4444447
ES,FR,2015-06,1271222222.222222
ES,IT,2015-06,456000000.0
ES,NL,2015-06,584333333.3333334
ES,PT,2015-06,263111111.11111113
ES,UK,2015-06,1804888888.8888888
ES,BE,2015-07,376333333.3333333
ES,DE,2015-07,1420000000.0
ES,FR,2015-07,1402666666.6666667
ES,IT,2015-07,506333333.3333333
ES,NL,2015-07,629000000.0
ES,PT,2015-07,283000000.0
ES,UK,2015-07,1948666666.6666667
ES,BE,2015-08,330777777.7777778
ES,DE,2015-08,1270333333.3333333
ES,FR,2015-08,1237222222.222222
ES,IT,2015-08,438666666.6666667
ES,NL,2015-08,556888888.888889
ES,PT,2015-08,264444444.44444445
ES,UK,2015-08,1712555555.5555556
ES,BE,2015-09,285222222.2222222
ES,DE,2015-09,1120666666.6666667
ES,FR,2015-09,1071777777.7777778
ES,IT,2015-09,371000000.0
ES,NL,2015-09,484777777.7777778
ES,PT,2015-09,245888888.8888889
ES,UK,2015-09,1476444444.4444444
ES,BE,2015-10,239666666.66666666
ES,DE,2015-10,971000000.0
ES,FR,2015-10,906333333.3333334
ES,IT,2015-10,303333333.3333333
ES,NL,2015-10,412666666.6666667
ES,PT,2015-10,227333333.33333334
ES,UK,2015-10,1240333333.3333333
ES,BE,2015-11,227555555.55555555
ES,DE,2015-11,923666666.6666666
ES,FR,2015-11,850444444.4444444
ES,IT,2015-11,288222222.2222222
ES,NL,2015-11,404111111.1111111
ES,PT,2015-11,224000000.0
ES,UK,2015-11,1175777777.777778
ES,BE,2015-12,215444444.44444445
ES,DE,2015-12,876333333.3333334
ES,FR,2015-12,794555555.5555556
ES,IT,2015-12,273111111.11111116
ES,NL,2015-12,395555555.5555556
ES,PT,2015-12,220666666.66666666
ES,UK,2015-12,1111222222.222222
ES,BE,2016-01,203333333.33333334
ES,DE,2016-01,829000000.0
ES,FR,2016-01,738666666.6666666
ES,IT,2016-01,258000000.0
ES,NL,2016-01,387000000.0
ES,PT,2016-01,217333333.33333334
ES,UK,2016-01,1046666666.6666667
ES,BE,2016-02,225333333.33333334
ES,DE,2016-02,958000000.0
ES,FR,2016-02,844777777.7777778
ES,IT,2016-02,288222222.2222222
ES,NL,2016-02,438444444.4444444
ES,PT,2016-02,218888888.8888889
ES,UK,2016-02,1256111111.1111112
ES,BE,2016-03,247333333.33333334
ES,DE,2016-03,1087000000.0
ES,FR,2016-03,950888888.8888888
ES,IT,2016-03,318444444.4444445
ES,NL,2016-03,489888888.8888889
ES,PT,2016-03,220444444.44444445
ES,UK,2016-03,1465555555.5555556
ES,BE,2016-04,269333333.3333333
ES,DE,2016-04,1216000000.0
ES,FR,2016-04,1057000000.0
ES,IT,2016-04,348666666.6666667
ES,NL,2016-04,541333333.3333334
ES,PT,2016-04,222000000.0
ES,UK,2016-04,1675000000.0
ES,BE,2016-05,301444444.4444445
ES,DE,2016-05,1296111111.1111112
ES,FR,2016-05,1203888888.8888888
ES,IT,2016-05,406111111.1111111
ES,NL,2016-05,569555555.5555556
ES,PT,2016-05,235444444.44444445
ES,UK,2016-05,1824777777.7777777
ES,BE,2016-06,333555555.5555555
ES,DE,2016-06,1376222222.2222223
ES,FR,2016-06,1350777777.777778
ES,IT,2016-06,463555555.5555556
ES,NL,2016-06,597777777.7777777
ES,PT,2016-06,248888888.8888889
ES,UK,2016-06,1974555555.5555556
ES,BE,2016-07,365666666.6666667
ES,DE,2016-07,1456333333.3333333
ES,FR,2016-07,1497666666.6666667
ES,IT,2016-07,521000000.0
ES,NL,2016-07,626000000.0
ES,PT,2016-07,262333333.3333333
ES,UK,2016-07,2124333333.3333335
ES,BE,2016-08,325222222.2222222
ES,DE,2016-08,1336111111.1111112
ES,FR,2016-08,1308555555.5555553
ES,IT,2016-08,462444444.4444444
ES,NL,2016-08,568000000.0
ES,PT,2016-08,253333333.33333334
ES,UK,2016-08,1874888888.8888888
ES,BE,2016-09,284777777.7777778
ES,DE,2016-09,1215888888.8888888
ES,FR,2016-09,1119444444.4444444
ES,IT,2016-09,403888888.8888889
ES,NL,2016-09,510000000.0
ES,PT,2016-09,244333333.33333334
ES,UK,2016-09,1625444444.4444444
ES,BE,2016-10,244333333.33333334
ES,DE,2016-10,1095666666.6666667
ES,FR,2016-10,930333333.3333334
ES,IT,2016-10,345333333.3333333
ES,NL,2016-10,452000000.0
ES,PT,2016-10,235333333.33333334
ES,UK,2016-10,1376000000.0
ES,BE,2016-11,228333333.33333334
ES,DE,2016-11,1018000000.0
ES,FR,2016-11,893333333.3333334
ES,IT,2016-11,320888888.88888884
ES,NL,2016-11,441000000.0
ES,PT,2016-11,221000000.0
ES,UK,2016-11,1310444444.4444447
ES,BE,2016-12,212333333.33333334
ES,DE,2016-12,940333333.3333334
ES,FR,2016-12,856333333.3333334
ES,IT,2016-12,296444444.4444445
ES,NL,2016-12,430000000.0
ES,PT,2016-12,206666666.66666666
ES,UK,2016-12,1244888888.8888888
ES,BE,2017-01,196333333.33333334
ES,DE,2017-01,862666666.6666666
ES,FR,2017-01,819333333.3333334
ES,IT,2017-01,272000000.0
ES,NL,2017-01,419000000.0
ES,PT,2017-01,192333333.33333334
ES,UK,2017-01,1179333333.3333333
ES,BE,2017-02,227111111.1111111
ES,DE,2017-02,1039222222.2222222
ES,FR,2017-02,938888888.8888888
ES,IT,2017-02,312000000.0
ES,NL,2017-02,470000000.0
ES,PT,2017-02,214555555.55555555
ES,UK,2017-02,1415111111.1111112
ES,BE,2017-03,257888888.88888887
ES,DE,2017-03,1215777777.7777777
ES,FR,2017-03,1058444444.4444445
ES,IT,2017-03,352000000.0
ES,NL,2017-03,521000000.0
ES,PT,2017-03,236777777.7777778
ES,UK,2017-03,1650888888.8888888
ES,BE,2017-04,288666666.6666667
ES,DE,2017-04,1392333333.3333333
ES,FR,2017-04,1178000000.0
ES,IT,2017-04,392000000.0
ES,NL,2017-04,572000000.0
ES,PT,2017-04,259000000.0
ES,UK,2017-04,1886666666.6666667
ES,BE,2017-05,323555555.5555555
ES,DE,2017-05,1456888888.8888888
ES,FR,2017-05,1315222222.222222
ES,IT,2017-05,438888888.8888889
ES,NL,2017-05,620111111.111111
ES,PT,2017-05,271222222.2222222
ES,UK,2017-05,2008666666.6666667
ES,BE,2017-06,358444444.4444444
ES,DE,2017-06,1521444444.4444444
ES,FR,2017-06,1452444444.4444444
ES,IT,2017-06,485777777.7777778
ES,NL,2017-06,668222222.2222223
ES,PT,2017-06,283444444.4444445
ES,UK,2017-06,2130666666.6666665
ES,BE,2017-07,393333333.3333333
ES,DE,2017-07,1586000000.0
ES,FR,2017-07,1589666666.6666667
ES,IT,2017-07,532666666.6666666
ES,NL,2017-07,716333333.3333334
ES,PT,2017-07,295666666.6666667
ES,UK,2017-07,2252666666.6666665
ES,BE,2017-08,348666666.6666667
ES,DE,2017-08,1431111111.1111112
ES,FR,2017-08,1396333333.3333333
ES,IT,2017-08,480000000.0
ES,NL,2017-08,631444444.4444444
ES,PT,2017-08,289333333.3333333
ES,UK,2017-08,1972555555.5555556
ES,BE,2017-09,304000000.0
ES,DE,2017-09,1276222222.222222
ES,FR,2017-09,1203000000.0
ES,IT,2017-09,427333333.3333333
ES,NL,2017-09,546555555.5555556
ES,PT,2017-09,283000000.0
ES,UK,2017-09,1692444444.4444444
ES,BE,2017-10,259333333.3333333
ES,DE,2017-10,1121333333.3333333
ES,FR,2017-10,1009666666.6666666
ES,IT,2017-10,374666666.6666667
ES,NL,2017-10,461666666.6666667
ES,PT,2017-10,276666666.6666667
ES,UK,2017-10,1412333333.3333333
ES,BE,2017-11,243222222.2222222
ES,DE,2017-11,1063333333.3333333
ES,FR,2017-11,962222222.2222222
ES,IT,2017-11,348222222.2222222
ES,NL,2017-11,439333333.3333333
ES,PT,2017-11,252444444.44444445
ES,UK,2017-11,1337777777.777778
ES,BE,2017-12,227111111.1111111
ES,DE,2017-12,1005333333.3333334
ES,FR,2017-12,914777777.7777778
ES,IT,2017-12,321777777.7777778
ES,NL,2017-12,417000000.0
ES,PT,2017-12,228222222.2222222
ES,UK,2017-12,1263222222.222222
ES,BE,2018-01,211000000.0
ES,DE,2018-01,947333333.3333334
ES,FR,2018-01,867333333.3333334
ES,IT,2018-01,295333333.3333333
ES,NL,2018-01,394666666.6666667
ES,PT,2018-01,204000000.0
ES,UK,2018-01,1188666666.6666667
ES,BE,2018-02,239333333.33333334
ES,DE,2018-02,1065888888.888889
ES,FR,2018-02,999444444.4444444
ES,IT,2018-02,326222222.2222222
ES,NL,2018-02,468333333.3333333
ES,PT,2018-02,219777777.7777778
ES,UK,2018-02,1448111111.1111112
ES,BE,2018-03,267666666.6666667
ES,DE,2018-03,1184444444.4444447
ES,FR,2018-03,1131555555.5555553
ES,IT,2018-03,357111111.1111111
ES,NL,2018-03,542000000.0
ES,PT,2018-03,235555555.55555555
ES,UK,2018-03,1707555555.5555556
ES,BE,2018-04,296000000.0
ES,DE,2018-04,1303000000.0
ES,FR,2018-04,1263666666.6666667
ES,IT,2018-04,388000000.0
ES,NL,2018-04,615666666.6666666
ES,PT,2018-04,251333333.33333334
ES,UK,2018-04,1967000000.0
ES,BE,2018-05,331333333.3333333
ES,DE,2018-05,1386222222.2222223
ES,FR,2018-05,1394111111.1111112
ES,IT,2018-05,446777777.7777778
ES,NL,2018-05,656888888.888889
ES,PT,2018-05,270000000.0
ES,UK,2018-05,2099777777.777778
ES,BE,2018-06,366666666.6666667
ES,DE,2018-06,1469444444.4444444
ES,FR,2018-06,1524555555.5555556
ES,IT,2018-06,505555555.5555556
ES,NL,2018-06,698111111.1111112
ES,PT,2018-06,288666666.6666667
ES,UK,2018-06,2232555555.555556
ES,BE,2018-07,402000000.0
ES,DE,2018-07,1552666666.6666667
ES,FR,2018-07,1655000000.0
ES,IT,2018-07,564333333.3333334
ES,NL,2018-07,739333333.3333334
ES,PT,2018-07,307333333.3333333
ES,UK,2018-07,2365333333.3333335
ES,BE,2018-08,352333333.3333333
ES,DE,2018-08,1433555555.5555556
ES,FR,2018-08,1435666666.6666667
ES,IT,2018-08,486333333.3333333
ES,NL,2018-08,660666666.6666666
ES,PT,2018-08,288777777.7777778
ES,UK,2018-08,2077000000.0
ES,BE,2018-09,302666666.6666667
ES,DE,2018-09,1314444444.4444447
ES,FR,2018-09,1216333333.3333333
ES,IT,2018-09,408333333.3333333
ES,NL,2018-09,582000000.0
ES,PT,2018-09,270222222.2222222
ES,UK,2018-09,1788666666.6666667
ES,BE,2018-10,253000000.0
ES,DE,2018-10,1195333333.3333333
ES,FR,2018-10,997000000.0
ES,IT,2018-10,330333333.3333333
ES,NL,2018-10,503333333.3333333
ES,PT,2018-10,251666666.66666666
ES,UK,2018-10,1500333333.3333333
ES,BE,2018-11,245888888.8888889
ES,DE,2018-11,1112222222.222222
ES,FR,2018-11,973333333.3333334
ES,IT,2018-11,331666666.6666667
ES,NL,2018-11,480000000.0
ES,PT,2018-11,248000000.0
ES,UK,2018-11,1425888888.8888888
ES,BE,2018-12,238777777.7777778
ES,DE,2018-12,1029111111.111111
ES,FR,2018-12,949666666.6666666
ES,IT,2018-12,333000000.0
ES,NL,2018-12,456666666.6666667
ES,PT,2018-12,244333333.33333334
ES,UK,2018-12,1351444444.4444447
ES,BE,2019-01,231666666.66666666
ES,DE,2019-01,946000000.0
ES,FR,2019-01,926000000.0
ES,IT,2019-01,334333333.3333333
ES,NL,2019-01,433333333.3333333
ES,PT,2019-01,240666666.66666666
ES,UK,2019-01,1277000000.0
ES,BE,2019-02,259777777.77777776
ES,DE,2019-02,1096555555.5555553
ES,FR,2019-02,1052000000.0
ES,IT,2019-02,360444444.4444444
ES,NL,2019-02,496555555.5555556
ES,PT,2019-02,251000000.0
ES,UK,2019-02,1508111111.1111112
ES,BE,2019-03,287888888.88888884
ES,DE,2019-03,1247111111.1111112
ES,FR,2019-03,1178000000.0
ES,IT,2019-03,386555555.5555556
ES,NL,2019-03,559777777.7777777
ES,PT,2019-03,261333333.3333333
ES,UK,2019-03,1739222222.2222223
ES,BE,2019-04,316000000.0
ES,DE,2019-04,1397666666.6666667
ES,FR,2019-04,1304000000.0
ES,IT,2019-04,412666666.6666667
ES,NL,2019-04,623000000.0
ES,PT,2019-04,271666666.6666667
ES,UK,2019-04,1970333333.3333333
ES,BE,2019-05,355000000.0
ES,DE,2019-05,1446111111.1111112
ES,FR,2019-05,1453888888.8888888
ES,IT,2019-05,481666666.6666667
ES,NL,2019-05,668555555.5555556
ES,PT,2019-05,292888888.88888884
ES,UK,2019-05,2145555555.5555556
ES,BE,2019-06,394000000.0
ES,DE,2019-06,1494555555.5555556
ES,FR,2019-06,1603777777.7777777
ES,IT,2019-06,550666666.6666666
ES,NL,2019-06,714111111.1111112
ES,PT,2019-06,314111111.11111116
ES,UK,2019-06,2320777777.7777777
ES,BE,2019-07,433000000.0
ES,DE,2019-07,1543000000.0
ES,FR,2019-07,1753666666.6666667
ES,IT,2019-07,619666666.6666666
ES,NL,2019-07,759666666.6666666
ES,PT,2019-07,335333333.3333333
ES,UK,2019-07,2496000000.0
ES,BE,2019-08,388777777.7777778
ES,DE,2019-08,1425444444.4444444
ES,FR,2019-08,1535888888.8888888
ES,IT,2019-08,549666666.6666666
ES,NL,2019-08,707777777.7777778
ES,PT,2019-08,314000000.0
ES,UK,2019-08,2183777777.7777777
ES,BE,2019-09,344555555.5555556
ES,DE,2019-09,1307888888.8888888
ES,FR,2019-09,1318111111.1111112
ES,IT,2019-09,479666666.6666667
ES,NL,2019-09,655888888.888889
ES,PT,2019-09,292666666.6666667
ES,UK,2019-09,1871555555.5555556
ES,BE,2019-10,300333333.3333333
ES,DE,2019-10,1190333333.3333333
ES,FR,2019-10,1100333333.3333333
ES,IT,2019-10,409666666.6666667
ES,NL,2019-10,604000000.0
ES,PT,2019-10,271333333.3333333
ES,UK,2019-10,1559333333.3333333
ES,BE,2019-11,276222222.2222222
ES,DE,2019-11,1077111111.1111112
ES,FR,2019-11,1012222222.2222222
ES,IT,2019-11,367333333.3333333
ES,NL,2019-11,550666666.6666666
ES,PT,2019-11,259777777.77777776
ES,UK,2019-11,1413333333.3333333
ES,BE,2019-12,252111111.1111111
ES,DE,2019-12,963888888.8888888
ES,FR,2019-12,924111111.1111112
ES,IT,2019-12,325000000.0
ES,NL,2019-12,497333333.3333333
ES,PT,2019-12,248222222.2222222
ES,UK,2019-12,1267333333.3333333
ES,BE,2020-01,228000000.0
ES,DE,2020-01,850666666.6666666
ES,FR,2020-01,836000000.0
ES,IT,2020-01,282666666.6666667
ES,NL,2020-01,444000000.0
ES,PT,2020-01,236666666.66666666
ES,UK,2020-01,1121333333.3333333
ES,BE,2020-02,186555555.55555555
ES,DE,2020-02,707444444.4444444
ES,FR,2020-02,718555555.5555556
ES,IT,2020-02,236111111.1111111
ES,NL,2020-02,402444444.4444444
ES,PT,2020-02,207888888.8888889
ES,UK,2020-02,942555555.5555556
ES,BE,2020-03,145111111.1111111
ES,DE,2020-03,564222222.2222222
ES,FR,2020-03,601111111.1111112
ES,IT,2020-03,189555555.55555558
ES,NL,2020-03,360888888.8888889
ES,PT,2020-03,179111111.1111111
ES,UK,2020-03,763777777.7777777
ES,BE,2020-04,103666666.66666667
ES,DE,2020-04,421000000.0
ES,FR,2020-04,483666666.6666667
ES,IT,2020-04,143000000.0
ES,NL,2020-04,319333333.3333333
ES,PT,2020-04,150333333.33333334
ES,UK,2020-04,585000000.0
ES,BE,2020-05,144444444.44444442
ES,DE,2020-05,516888888.8888889
ES,FR,2020-05,672222222.2222222
ES,IT,2020-05,188111111.1111111
ES,NL,2020-05,363333333.3333333
ES,PT,2020-05,168555555.55555558
ES,UK,2020-05,657222222.2222223
ES,BE,2020-06,185222222.2222222
ES,DE,2020-06,612777777.7777778
ES,FR,2020-06,860777777.7777777
ES,IT,2020-06,233222222.22222227
ES,NL,2020-06,407333333.3333333
ES,PT,2020-06,186777777.7777778
ES,UK,2020-06,729444444.4444444
ES,BE,2020-07,226000000.0
ES,DE,2020-07,708666666.6666666
ES,FR,2020-07,1049333333.3333333
ES,IT,2020-07,278333333.3333333
ES,NL,2020-07,451333333.3333333
ES,PT,2020-07,205000000.0
ES,UK,2020-07,801666666.6666666
ES,BE,2020-08,211222222.2222222
ES,DE,2020-08,695777777.7777778
ES,FR,2020-08,936333333.3333334
ES,IT,2020-08,256777777.77777776
ES,NL,2020-08,431333333.3333333
ES,PT,2020-08,213333333.33333334
ES,UK,2020-08,784555555.5555556
ES,BE,2020-09,196444444.44444445
ES,DE,2020-09,682888888.8888888
ES,FR,2020-09,823333333.3333334
ES,IT,2020-09,235222222.2222222
ES,NL,2020-09,411333333.3333333
ES,PT,2020-09,221666666.66666666
ES,UK,2020-09,767444444.4444444
ES,BE,2020-10,181666666.66666666
ES,DE,2020-10,670000000.0
ES,FR,2020-10,710333333.3333334
ES,IT,2020-10,213666666.66666666
ES,NL,2020-10,391333333.3333333
ES,PT,2020-10,230000000.0
ES,UK,2020-10,750333333.3333334
ES,BE,2020-11,165222222.22222224
ES,DE,2020-11,620111111.111111
ES,FR,2020-11,665777777.7777777
ES,IT,2020-11,200222222.2222222
ES,NL,2020-11,358333333.3333333
ES,PT,2020-11,216777777.7777778
ES,UK,2020-11,673222222.2222223
ES,BE,2020-12,148777777.77777776
ES,DE,2020-12,570222222.2222223
ES,FR,2020-12,621222222.2222223
ES,IT,2020-12,186777777.7777778
ES,NL,2020-12,325333333.3333333
ES,PT,2020-12,203555555.55555555
ES,UK,2020-12,596111111.111111
ES,BE,2021-01,132333333.33333334
ES,DE,2021-01,520333333.3333334
ES,FR,2021-01,576666666.6666666
ES,IT,2021-01,173333333.33333334
ES,NL,2021-01,292333333.3333333
ES,PT,2021-01,190333333.33333334
ES,UK,2021-01,519000000.0
ES,BE,2021-02,159888888.8888889
ES,DE,2021-02,619222222.2222223
ES,FR,2021-02,648333333.3333334
ES,IT,2021-02,195000000.0
ES,NL,2021-02,333666666.6666667
ES,PT,2021-02,204222222.2222222
ES,UK,2021-02,572666666.6666666
ES,BE,2021-03,187444444.44444445
ES,DE,2021-03,718111111.1111112
ES,FR,2021-03,720000000.0
ES,IT,2021-03,216666666.66666666
ES,NL,2021-03,375000000.0
ES,PT,2021-03,218111111.1111111
ES,UK,2021-03,626333333.3333334
ES,BE,2021-04,215000000.0
ES,DE,2021-04,817000000.0
ES,FR,2021-04,791666666.6666666
ES,IT,2021-04,238333333.33333334
ES,NL,2021-04,416333333.3333333
ES,PT,2021-04,232000000.0
ES,UK,2021-04,680000000.0
ES,BE,2021-05,269555555.5555555
ES,DE,2021-05,955888888.8888888
ES,FR,2021-05,1009000000.0
ES,IT,2021-05,295222222.2222222
ES,NL,2021-05,507111111.1111111
ES,PT,2021-05,256555555.55555555
ES,UK,2021-05,861555555.5555556
ES,BE,2021-06,324111111.1111111
ES,DE,2021-06,1094777777.777778
ES,FR,2021-06,1226333333.3333333
ES,IT,2021-06,352111111.1111111
ES,NL,2021-06,597888888.8888888
ES,PT,2021-06,281111111.11111116
ES,UK,2021-06,1043111111.111111
ES,BE,2021-07,378666666.6666667
ES,DE,2021-07,1233666666.6666667
ES,FR,2021-07,1443666666.6666667
ES,IT,2021-07,409000000.0
ES,NL,2021-07,688666666.6666666
ES,PT,2021-07,305666666.6666667
ES,UK,2021-07,1224666666.6666667
ES,BE,2021-08,362444444.4444444
ES,DE,2021-08,1235111111.1111112
ES,FR,2021-08,1350222222.222222
ES,IT,2021-08,397888888.8888889
ES,NL,2021-08,664888888.888889
ES,PT,2021-08,308555555.5555555
ES,UK,2021-08,1258888888.8888888
ES,BE,2021-09,346222222.2222222
ES,DE,2021-09,1236555555.5555553
ES,FR,2021-09,1256777777.777778
ES,IT,2021-09,386777777.7777778
ES,NL,2021-09,641111111.111111
ES,PT,2021-09,311444444.4444445
ES,UK,2021-09,1293111111.1111112
ES,BE,2021-10,330000000.0
ES,DE,2021-10,1238000000.0
ES,FR,2021-10,1163333333.3333333
ES,IT,2021-10,375666666.6666667
ES,NL,2021-10,617333333.3333334
ES,PT,2021-10,314333333.3333333
ES,UK,2021-10,1327333333.3333333
ES,BE,2021-11,304555555.5555555
ES,DE,2021-11,1168888888.8888888
ES,FR,2021-11,1101888888.8888888
ES,IT,2021-11,366666666.6666667
ES,NL,2021-11,590111111.111111
ES,PT,2021-11,301444444.4444445
ES,UK,2021-11,1314000000.0
ES,BE,2021-12,279111111.11111116
ES,DE,2021-12,1099777777.777778
ES,FR,2021-12,1040444444.4444445
ES,IT,2021-12,357666666.6666667
ES,NL,2021-12,562888888.888889
ES,PT,2021-12,288555555.5555555
ES,UK,2021-12,1300666666.6666667
ES,AT,2022-01,46333333.333333336
ES,BE,2022-01,253666666.66666666
ES,BG,2022-01,6666666.666666667
ES,BR,2022-01,103000000.0
ES,CA,2022-01,57666666.666666664
ES,CH,2022-01,525666666.6666666
ES,CN,2022-01,51333333.333333336
ES,CY,2022-01,12000000.0
ES,CZ,2022-01,43000000.0
ES,DE,2022-01,1030666666.6666667
ES,DK,2022-01,152666666.66666666
ES,EE,2022-01,7666666.666666667
ES,FI,2022-01,86000000.0
ES,FR,2022-01,979000000.0
ES,GR,2022-01,30666666.666666668
ES,HK,2022-01,34000000.0
ES,HR,2022-01,5333333.333333333
ES,HU,2022-01,21333333.333333332
ES,IE,2022-01,280000000.0
ES,IN,2022-01,38666666.666666664
ES,IT,2022-01,348666666.6666667
ES,JP,2022-01,48000000.0
ES,LT,2022-01,12000000.0
ES,LU,2022-01,193666666.66666666
ES,MT,2022-01,31000000.0
ES,NL,2022-01,535666666.6666666
ES,PL,2022-01,143333333.33333334
ES,PT,2022-01,275666666.6666667
ES,RO,2022-01,28333333.333333332
ES,RU,2022-01,28666666.666666668
ES,SE,2022-01,175000000.0
ES,SI,2022-01,5000000.0
ES,SK,2022-01,15666666.666666666
ES,UK,2022-01,1287333333.3333333
ES,US,2022-01,766000000.0
ES,AT,2022-02,65777777.77777778
ES,BE,2022-02,297777777.7777778
ES,BG,2022-02,8444444.444444444
ES,BR,2022-02,111333333.33333333
ES,CA,2022-02,66888888.88888889
ES,CH,2022-02,572444444.4444444
ES,CN,2022-02,53333333.333333336
ES,CY,2022-02,12555555.555555556
ES,CZ,2022-02,48888888.88888889
ES,DE,2022-02,1202333333.3333333
ES,DK,2022-02,154000000.0
ES,EE,2022-02,9222222.222222224
ES,FI,2022-02,79777777.77777779
ES,FR,2022-02,1132666666.6666667
ES,GR,2022-02,34000000.0
ES,HK,2022-02,35888888.888888896
ES,HR,2022-02,6000000.0
ES,HU,2022-02,23444444.444444444
ES,IE,2022-02,330111111.11111116
ES,IN,2022-02,47444444.44444445
ES,IT,2022-02,391777777.7777778
ES,JP,2022-02,56555555.55555555
ES,LT,2022-02,16111111.11111111
ES,LU,2022-02,205777777.7777778
ES,MT,2022-02,36777777.777777776
ES,NL,2022-02,623777777.7777777
ES,PL,2022-02,157222222.22222224
ES,PT,2022-02,289666666.6666667
ES,RO,2022-02,32555555.555555556
ES,RU,2022-02,30000000.0
ES,SE,2022-02,197888888.8888889
ES,SI,2022-02,6555555.555555556
ES,SK,2022-02,20888888.888888888
ES,UK,2022-02,1547222222.2222223
ES,US,2022-02,910555555.5555556
ES,AT,2022-03,85222222.22222222
ES,BE,2022-03,341888888.8888889
ES,BG,2022-03,10222222.222222222
ES,BR,2022-03,119666666.66666667
ES,CA,2022-03,76111111.11111112
ES,CH,2022-03,619222222.2222223
ES,CN,2022-03,55333333.333333336
ES,CY,2022-03,13111111.111111112
ES,CZ,2022-03,54777777.777777776
ES,DE,2022-03,1374000000.0
ES,DK,2022-03,155333333.33333334
ES,EE,2022-03,10777777.777777778
ES,FI,2022-03,73555555.55555555
ES,FR,2022-03,1286333333.3333333
ES,GR,2022-03,37333333.333333336
ES,HK,2022-03,37777777.777777776
ES,HR,2022-03,6666666.666666667
ES,HU,2022-03,25555555.555555556
ES,IE,2022-03,380222222.2222222
ES,IN,2022-03,56222222.222222224
ES,IT,2022-03,434888888.8888889
ES,JP,2022-03,65111111.11111111
ES,LT,2022-03,20222222.222222224
ES,LU,2022-03,217888888.8888889
ES,MT,2022-03,42555555.55555555
ES,NL,2022-03,711888888.8888888
ES,PL,2022-03,171111111.1111111
ES,PT,2022-03,303666666.6666667
ES,RO,2022-03,36777777.777777776
ES,RU,2022-03,31333333.333333332
ES,SE,2022-03,220777777.7777778
ES,SI,2022-03,8111111.111111113
ES,SK,2022-03,26111111.111111112
ES,UK,2022-03,1807111111.1111112
ES,US,2022-03,1055111111.111111
ES,AT,2022-04,104666666.66666667
ES,BE,2022-04,386000000.0
ES,BG,2022-04,12000000.0
ES,BR,2022-04,128000000.0
ES,CA,2022-04,85333333.33333333
ES,CH,2022-04,666000000.0
ES,CN,2022-04,57333333.333333336
ES,CY,2022-04,13666666.666666666
ES,CZ,2022-04,60666666.666666664
ES,DE,2022-04,1545666666.6666667
ES,DK,2022-04,156666666.66666666
ES,EE,2022-04,12333333.333333334
ES,FI,2022-04,67333333.33333333
ES,FR,2022-04,1440000000.0
ES,GR,2022-04,40666666.666666664
ES,HK,2022-04,39666666.666666664
ES,HR,2022-04,7333333.333333333
ES,HU,2022-04,27666666.666666668
ES,IE,2022-04,430333333.3333333
ES,IN,2022-04,65000000.0
ES,IT,2022-04,478000000.0
ES,JP,2022-04,73666666.66666667
ES,LT,2022-04,24333333.333333332
ES,LU,2022-04,230000000.0
ES,MT,2022-04,48333333.333333336
ES,NL,2022-04,800000000.0
ES,PL,2022-04,185000000.0
ES,PT,2022-04,317666666.6666667
ES,RO,2022-04,41000000.0
ES,RU,2022-04,32666666.666666664
ES,SE,2022-04,243666666.66666666
ES,SI,2022-04,9666666.666666666
ES,SK,2022-04,31333333.333333332
ES,UK,2022-04,2067000000.0
ES,US,2022-04,1199666666.6666667
ES,AT,2022-05,118444444.44444445
ES,BE,2022-05,438000000.0
ES,BG,2022-05,13666666.666666666
ES,BR,2022-05,137000000.0
ES,CA,2022-05,92222222.22222222
ES,CH,2022-05,684222222.2222222
ES,CN,2022-05,64444444.44444444
ES,CY,2022-05,16333333.333333332
ES,CZ,2022-05,67666666.66666667
ES,DE,2022-05,1568666666.6666667
ES,DK,2022-05,174111111.1111111
ES,EE,2022-05,12444444.444444444
ES,FI,2022-05,72888888.88888888
ES,FR,2022-05,1624888888.8888888
ES,GR,2022-05,41111111.111111104
ES,HK,2022-05,36555555.55555556
ES,HR,2022-05,9222222.222222224
ES,HU,2022-05,30222222.222222224
ES,IE,2022-05,456111111.1111111
ES,IN,2022-05,67444444.44444445
ES,IT,2022-05,552000000.0
ES,JP,2022-05,69888888.88888888
ES,LT,2022-05,22000000.0
ES,LU,2022-05,228000000.0
ES,MT,2022-05,44444444.44444445
ES,NL,2022-05,860555555.5555556
ES,PL,2022-05,197555555.55555555
ES,PT,2022-05,354888888.8888889
ES,RO,2022-05,42777777.777777776
ES,RU,2022-05,37666666.666666664
ES,SE,2022-05,237222222.2222222
ES,SI,2022-05,10777777.777777778
ES,SK,2022-05,33222222.22222222
ES,UK,2022-05,2225333333.3333335
ES,US,2022-05,1194222222.222222
ES,AT,2022-06,132222222.22222222
ES,BE,2022-06,490000000.0
ES,BG,2022-06,15333333.333333334
ES,BR,2022-06,146000000.0
ES,CA,2022-06,99111111.1111111
ES,CH,2022-06,702444444.4444444
ES,CN,2022-06,71555555.55555555
ES,CY,2022-06,19000000.0
ES,CZ,2022-06,74666666.66666667
ES,DE,2022-06,1591666666.6666667
ES,DK,2022-06,191555555.55555555
ES,EE,2022-06,12555555.555555556
ES,FI,2022-06,78444444.44444445
ES,FR,2022-06,1809777777.7777777
ES,GR,2022-06,41555555.55555556
ES,HK,2022-06,33444444.444444444
ES,HR,2022-06,11111111.111111112
ES,HU,2022-06,32777777.77777778
ES,IE,2022-06,481888888.8888889
ES,IN,2022-06,69888888.88888888
ES,IT,2022-06,626000000.0
ES,JP,2022-06,66111111.11111111
ES,LT,2022-06,19666666.666666668
ES,LU,2022-06,226000000.0
ES,MT,2022-06,40555555.55555556
ES,NL,2022-06,921111111.1111112
ES,PL,2022-06,210111111.1111111
ES,PT,2022-06,392111111.1111111
ES,RO,2022-06,44555555.55555555
ES,RU,2022-06,42666666.666666664
ES,SE,2022-06,230777777.7777778
ES,SI,2022-06,11888888.888888888
ES,SK,2022-06,35111111.111111104
ES,UK,2022-06,2383666666.6666665
ES,US,2022-06,1188777777.777778
ES,AT,2022-07,146000000.0
ES,BE,2022-07,542000000.0
ES,BG,2022-07,17000000.0
ES,BR,2022-07,155000000.0
ES,CA,2022-07,106000000.0
ES,CH,2022-07,720666666.6666666
ES,CN,2022-07,78666666.66666667
ES,CY,2022-07,21666666.666666668
ES,CZ,2022-07,81666666.66666667
ES,DE,2022-07,1614666666.6666667
ES,DK,2022-07,209000000.0
ES,EE,2022-07,12666666.666666666
ES,FI,2022-07,84000000.0
ES,FR,2022-07,1994666666.6666667
ES,GR,2022-07,42000000.0
ES,HK,2022-07,30333333.333333332
ES,HR,2022-07,13000000.0
ES,HU,2022-07,35333333.333333336
ES,IE,2022-07,507666666.6666667
ES,IN,2022-07,72333333.33333333
ES,IT,2022-07,700000000.0
ES,JP,2022-07,62333333.333333336
ES,LT,2022-07,17333333.333333332
ES,LU,2022-07,224000000.0
ES,MT,2022-07,36666666.666666664
ES,NL,2022-07,981666666.6666666
ES,PL,2022-07,222666666.66666666
ES,PT,2022-07,429333333.3333333
ES,RO,2022-07,46333333.333333336
ES,RU,2022-07,47666666.666666664
ES,SE,2022-07,224333333.33333334
ES,SI,2022-07,13000000.0
ES,SK,2022-07,37000000.0
ES,UK,2022-07,2542000000.0
ES,US,2022-07,1183333333.3333333
ES,AT,2022-08,121333333.33333333
ES,BE,2022-08,483111111.1111111
ES,BG,2022-08,17111111.111111112
ES,BR,2022-08,149444444.44444442
ES,CA,2022-08,107666666.66666667
ES,CH,2022-08,718222222.2222222
ES,CN,2022-08,77555555.55555555
ES,CY,2022-08,18666666.666666668
ES,CZ,2022-08,73555555.55555555
ES,DE,2022-08,1554000000.0
ES,DK,2022-08,203222222.2222222
ES,EE,2022-08,14222222.222222222
ES,FI,2022-08,88444444.44444445
ES,FR,2022-08,1803555555.5555556
ES,GR,2022-08,41777777.777777776
ES,HK,2022-08,31444444.444444444
ES,HR,2022-08,10888888.888888888
ES,HU,2022-08,33222222.22222222
ES,IE,2022-08,470000000.0
ES,IN,2022-08,72888888.88888888
ES,IT,2022-08,625333333.3333334
ES,JP,2022-08,62666666.666666664
ES,LT,2022-08,19333333.333333332
ES,LU,2022-08,223000000.0
ES,MT,2022-08,37555555.55555556
ES,NL,2022-08,877111111.1111112
ES,PL,2022-08,201444444.44444445
ES,PT,2022-08,399777777.7777778
ES,RO,2022-08,48555555.55555555
ES,RU,2022-08,46555555.55555555
ES,SE,2022-08,227444444.44444445
ES,SI,2022-08,10444444.444444444
ES,SK,2022-08,32444444.444444444
ES,UK,2022-08,2273666666.6666665
ES,US,2022-08,1213333333.3333333
ES,AT,2022-09,96666666.66666667
ES,BE,2022-09,424222222.2222222
ES,BG,2022-09,17222222.22222222
ES,BR,2022-09,143888888.8888889
ES,CA,2022-09,109333333.33333333
ES,CH,2022-09,715777777.7777778
ES,CN,2022-09,76444444.44444445
ES,CY,2022-09,15666666.666666666
ES,CZ,2022-09,65444444.44444444
ES,DE,2022-09,1493333333.3333333
ES,DK,2022-09,197444444.44444445
ES,EE,2022-09,15777777.777777778
ES,FI,2022-09,92888888.8888889
ES,FR,2022-09,1612444444.4444444
ES,GR,2022-09,41555555.55555556
ES,HK,2022-09,32555555.555555556
ES,HR,2022-09,8777777.777777778
ES,HU,2022-09,31111111.111111112
ES,IE,2022-09,432333333.3333333
ES,IN,2022-09,73444444.44444445
ES,IT,2022-09,550666666.6666666
ES,JP,2022-09,63000000.0
ES,LT,2022-09,21333333.333333332
ES,LU,2022-09,222000000.0
ES,MT,2022-09,38444444.44444444
ES,NL,2022-09,772555555.5555556
ES,PL,2022-09,180222222.2222222
ES,PT,2022-09,370222222.2222222
ES,RO,2022-09,50777777.777777776
ES,RU,2022-09,45444444.44444445
ES,SE,2022-09,230555555.55555555
ES,SI,2022-09,7888888.888888888
ES,SK,2022-09,27888888.888888888
ES,UK,2022-09,2005333333.3333333
ES,US,2022-09,1243333333.3333333
ES,AT,2022-10,72000000.0
ES,BE,2022-10,365333333.3333333
ES,BG,2022-10,17333333.333333332
ES,BR,2022-10,138333333.33333334
ES,CA,2022-10,111000000.0
ES,CH,2022-10,713333333.3333334
ES,CN,2022-10,75333333.33333333
ES,CY,2022-10,12666666.666666666
ES,CZ,2022-10,57333333.333333336
ES,DE,2022-10,1432666666.6666667
ES,DK,2022-10,191666666.66666666
ES,EE,2022-10,17333333.333333332
ES,FI,2022-10,97333333.33333333
ES,FR,2022-10,1421333333.3333333
ES,GR,2022-10,41333333.333333336
ES,HK,2022-10,33666666.666666664
ES,HR,2022-10,6666666.666666667
ES,HU,2022-10,29000000.0
ES,IE,2022-10,394666666.6666667
ES,IN,2022-10,74000000.0
ES,IT,2022-10,476000000.0
ES,JP,2022-10,63333333.333333336
ES,LT,2022-10,23333333.333333332
ES,LU,2022-10,221000000.0
ES,MT,2022-10,39333333.333333336
ES,NL,2022-10,668000000.0
ES,PL,2022-10,159000000.0
ES,PT,2022-10,340666666.6666667
ES,RO,2022-10,53000000.0
ES,RU,2022-10,44333333.333333336
ES,SE,2022-10,233666666.66666666
ES,SI,2022-10,5333333.333333333
ES,SK,2022-10,23333333.333333332
ES,UK,2022-10,1737000000.0
ES,US,2022-10,1273333333.3333333
ES,AT,2022-11,70666666.66666667
ES,BE,2022-11,343666666.6666667
ES,BG,2022-11,15111111.111111112
ES,BR,2022-11,131888888.88888888
ES,CA,2022-11,101666666.66666667
ES,CH,2022-11,645555555.5555556
ES,CN,2022-11,69222222.22222221
ES,CY,2022-11,12888888.888888888
ES,CZ,2022-11,56666666.666666664
ES,DE,2022-11,1378444444.4444444
ES,DK,2022-11,179333333.33333334
ES,EE,2022-11,15222222.222222222
ES,FI,2022-11,93111111.1111111
ES,FR,2022-11,1345666666.6666667
ES,GR,2022-11,39555555.55555556
ES,HK,2022-11,39333333.333333336
ES,HR,2022-11,9000000.0
ES,HU,2022-11,31444444.444444444
ES,IE,2022-11,395000000.0
ES,IN,2022-11,65333333.33333333
ES,IT,2022-11,458222222.2222222
ES,JP,2022-11,64777777.77777778
ES,LT,2022-11,24444444.444444444
ES,LU,2022-11,245444444.44444445
ES,MT,2022-11,37111111.111111104
ES,NL,2022-11,684111111.1111112
ES,PL,2022-11,186666666.66666666
ES,PT,2022-11,349555555.5555556
ES,RO,2022-11,47555555.55555555
ES,RU,2022-11,41000000.0
ES,SE,2022-11,226555555.55555555
ES,SI,2022-11,7666666.666666667
ES,SK,2022-11,22000000.0
ES,UK,2022-11,1624666666.6666667
ES,US,2022-11,1174888888.8888888
ES,AT,2022-12,69333333.33333333
ES,BE,2022-12,322000000.0
ES,BG,2022-12,12888888.888888888
ES,BR,2022-12,125444444.44444445
ES,CA,2022-12,92333333.33333333
ES,CH,2022-12,577777777.7777777
ES,CN,2022-12,63111111.11111111
ES,CY,2022-12,13111111.111111112
ES,CZ,2022-12,56000000.0
ES,DE,2022-12,1324222222.222222
ES,DK,2022-12,167000000.0
ES,EE,2022-12,13111111.111111112
ES,FI,2022-12,88888888.8888889
ES,FR,2022-12,1270000000.0
ES,GR,2022-12,37777777.777777776
ES,HK,2022-12,45000000.0
ES,HR,2022-12,11333333.333333334
ES,HU,2022-12,33888888.888888896
ES,IE,2022-12,395333333.3333333
ES,IN,2022-12,56666666.666666664
ES,IT,2022-12,440444444.4444444
ES,JP,2022-12,66222222.22222222
ES,LT,2022-12,25555555.555555556
ES,LU,2022-12,269888888.88888884
ES,MT,2022-12,34888888.888888896
ES,NL,2022-12,700222222.2222222
ES,PL,2022-12,214333333.33333334
ES,PT,2022-12,358444444.4444444
ES,RO,2022-12,42111111.11111111
ES,RU,2022-12,37666666.666666664
ES,SE,2022-12,219444444.44444445
ES,SI,2022-12,10000000.0
ES,SK,2022-12,20666666.666666668
ES,UK,2022-12,1512333333.3333333
ES,US,2022-12,1076444444.4444447
ES,AT,2023-01,68000000.0
ES,BE,2023-01,300333333.3333333
ES,BG,2023-01,10666666.666666666
ES,BR,2023-01,119000000.0
ES,CA,2023-01,83000000.0
ES,CH,2023-01,510000000.0
ES,CN,2023-01,57000000.0
ES,CY,2023-01,13333333.333333334
ES,CZ,2023-01,55333333.333333336
ES,DE,2023-01,1270000000.0
ES,DK,2023-01,154666666.66666666
ES,EE,2023-01,11000000.0
ES,FI,2023-01,84666666.66666667
ES,FR,2023-01,1194333333.3333333
ES,GR,2023-01,36000000.0
ES,HK,2023-01,50666666.666666664
ES,HR,2023-01,13666666.666666666
ES,HU,2023-01,36333333.333333336
ES,IE,2023-01,395666666.6666667
ES,IN,2023-01,48000000.0
ES,IT,2023-01,422666666.6666667
ES,JP,2023-01,67666666.66666667
ES,LT,2023-01,26666666.666666668
ES,LU,2023-01,294333333.3333333
ES,MT,2023-01,32666666.666666664
ES,NL,2023-01,716333333.3333334
ES,PL,2023-01,242000000.0
ES,PT,2023-01,367333333.3333333
ES,RO,2023-01,36666666.666666664
ES,RU,2023-01,34333333.333333336
ES,SE,2023-01,212333333.33333334
ES,SI,2023-01,12333333.333333334
ES,SK,2023-01,19333333.333333332
ES,UK,2023-01,1400000000.0
ES,US,2023-01,978000000.0
ES,AT,2023-02,88666666.66666667
ES,BE,2023-02,324888888.88888884
ES,BG,2023-02,14111111.111111112
ES,BR,2023-02,126000000.0
ES,CA,2023-02,109555555.55555555
ES,CH,2023-02,540666666.6666666
ES,CN,2023-02,65666666.66666667
ES,CY,2023-02,12666666.666666666
ES,CZ,2023-02,69444444.44444445
ES,DE,2023-02,1425666666.6666667
ES,DK,2023-02,156444444.44444442
ES,EE,2023-02,10333333.333333334
ES,FI,2023-02,84555555.55555555
ES,FR,2023-02,1349111111.1111112
ES,GR,2023-02,40000000.0
ES,HK,2023-02,43333333.333333336
ES,HR,2023-02,13000000.0
ES,HU,2023-02,33000000.0
ES,IE,2023-02,447000000.0
ES,IN,2023-02,52666666.666666664
ES,IT,2023-02,459888888.8888889
ES,JP,2023-02,70666666.66666667
ES,LT,2023-02,31222222.222222224
ES,LU,2023-02,300777777.7777778
ES,MT,2023-02,33555555.55555556
ES,NL,2023-02,768222222.2222222
ES,PL,2023-02,246000000.0
ES,PT,2023-02,376555555.5555556
ES,RO,2023-02,38666666.666666664
ES,RU,2023-02,38333333.333333336
ES,SE,2023-02,250333333.33333334
ES,SI,2023-02,12222222.222222222
ES,SK,2023-02,18000000.0
ES,UK,2023-02,1633111111.1111112
ES,US,2023-02,1126222222.222222
ES,AT,2023-03,109333333.33333333
ES,BE,2023-03,349444444.4444444
ES,BG,2023-03,17555555.555555556
ES,BR,2023-03,133000000.0
ES,CA,2023-03,136111111.1111111
ES,CH,2023-03,571333333.3333334
ES,CN,2023-03,74333333.33333333
ES,CY,2023-03,12000000.0
ES,CZ,2023-03,83555555.55555555
ES,DE,2023-03,1581333333.3333333
ES,DK,2023-03,158222222.22222224
ES,EE,2023-03,9666666.666666666
ES,FI,2023-03,84444444.44444445
ES,FR,2023-03,1503888888.8888888
ES,GR,2023-03,44000000.0
ES,HK,2023-03,36000000.0
ES,HR,2023-03,12333333.333333334
ES,HU,2023-03,29666666.666666668
ES,IE,2023-03,498333333.3333333
ES,IN,2023-03,57333333.333333336
ES,IT,2023-03,497111111.1111111
ES,JP,2023-03,73666666.66666667
ES,LT,2023-03,35777777.777777776
ES,LU,2023-03,307222222.2222222
ES,MT,2023-03,34444444.44444444
ES,NL,2023-03,820111111.1111112
ES,PL,2023-03,250000000.0
ES,PT,2023-03,385777777.7777778
ES,RO,2023-03,40666666.666666664
ES,RU,2023-03,42333333.333333336
ES,SE,2023-03,288333333.3333333
ES,SI,2023-03,12111111.111111112
ES,SK,2023-03,16666666.666666668
ES,UK,2023-03,1866222222.2222223
ES,US,2023-03,1274444444.4444447
ES,AT,2023-04,130000000.0
ES,BE,2023-04,374000000.0
ES,BG,2023-04,21000000.0
ES,BR,2023-04,140000000.0
ES,CA,2023-04,162666666.66666666
ES,CH,2023-04,602000000.0
ES,CN,2023-04,83000000.0
ES,CY,2023-04,11333333.333333334
ES,CZ,2023-04,97666666.66666667
ES,DE,2023-04,1737000000.0
ES,DK,2023-04,160000000.0
ES,EE,2023-04,9000000.0
ES,FI,2023-04,84333333.33333333
ES,FR,2023-04,1658666666.6666667
ES,GR,2023-04,48000000.0
ES,HK,2023-04,28666666.666666668
ES,HR,2023-04,11666666.666666666
ES,HU,2023-04,26333333.333333332
ES,IE,2023-04,549666666.6666666
ES,IN,2023-04,62000000.0
ES,IT,2023-04,534333333.3333334
ES,JP,2023-04,76666666.66666667
ES,LT,2023-04,40333333.333333336
ES,LU,2023-04,313666666.6666667
ES,MT,2023-04,35333333.333333336
ES,NL,2023-04,872000000.0
ES,PL,2023-04,254000000.0
ES,PT,2023-04,395000000.0
ES,RO,2023-04,42666666.666666664
ES,RU,2023-04,46333333.333333336
ES,SE,2023-04,326333333.3333333
ES,SI,2023-04,12000000.0
ES,SK,2023-04,15333333.333333334
ES,UK,2023-04,2099333333.3333335
ES,US,2023-04,1422666666.6666667
ES,AT,2023-05,147444444.44444442
ES,BE,2023-05,436888888.8888889
ES,BG,2023-05,20555555.555555552
ES,BR,2023-05,139000000.0
ES,CA,2023-05,153444444.44444442
ES,CH,2023-05,630777777.7777777
ES,CN,2023-05,91777777.77777778
ES,CY,2023-05,13000000.0
ES,CZ,2023-05,95444444.44444445
ES,DE,2023-05,1790888888.8888888
ES,DK,2023-05,174666666.66666666
ES,EE,2023-05,11222222.222222222
ES,FI,2023-05,79444444.44444445
ES,FR,2023-05,1891555555.5555556
ES,GR,2023-05,49777777.777777776
ES,HK,2023-05,27666666.666666668
ES,HR,2023-05,13555555.555555556
ES,HU,2023-05,32444444.444444444
ES,IE,2023-05,578555555.5555556
ES,IN,2023-05,62444444.44444445
ES,IT,2023-05,621444444.4444444
ES,JP,2023-05,75555555.55555555
ES,LT,2023-05,34111111.111111104
ES,LU,2023-05,321666666.6666667
ES,MT,2023-05,34666666.666666664
ES,NL,2023-05,942444444.4444444
ES,PL,2023-05,257666666.6666667
ES,PT,2023-05,430888888.8888889
ES,RO,2023-05,43777777.777777776
ES,RU,2023-05,47666666.666666664
ES,SE,2023-05,297222222.2222222
ES,SI,2023-05,13555555.555555556
ES,SK,2023-05,19555555.555555552
ES,UK,2023-05,2283777777.7777777
ES,US,2023-05,1402555555.5555556
ES,AT,2023-06,164888888.8888889
ES,BE,2023-06,499777777.7777778
ES,BG,2023-06,20111111.111111112
ES,BR,2023-06,138000000.0
ES,CA,2023-06,144222222.22222224
ES,CH,2023-06,659555555.5555556
ES,CN,2023-06,100555555.55555555
ES,CY,2023-06,14666666.666666666
ES,CZ,2023-06,93222222.22222222
ES,DE,2023-06,1844777777.7777777
ES,DK,2023-06,189333333.33333334
ES,EE,2023-06,13444444.444444444
ES,FI,2023-06,74555555.55555555
ES,FR,2023-06,2124444444.4444444
ES,GR,2023-06,51555555.55555555
ES,HK,2023-06,26666666.666666668
ES,HR,2023-06,15444444.444444444
ES,HU,2023-06,38555555.55555555
ES,IE,2023-06,607444444.4444444
ES,IN,2023-06,62888888.88888889
ES,IT,2023-06,708555555.5555556
ES,JP,2023-06,74444444.44444445
ES,LT,2023-06,27888888.888888884
ES,LU,2023-06,329666666.6666667
ES,MT,2023-06,34000000.0
ES,NL,2023-06,1012888888.8888888
ES,PL,2023-06,261333333.3333333
ES,PT,2023-06,466777777.7777778
ES,RO,2023-06,44888888.88888889
ES,RU,2023-06,49000000.0
ES,SE,2023-06,268111111.11111113
ES,SI,2023-06,15111111.111111112
ES,SK,2023-06,23777777.777777776
ES,UK,2023-06,2468222222.2222223
ES,US,2023-06,1382444444.4444444
ES,AT,2023-07,182333333.33333334
ES,BE,2023-07,562666666.6666666
ES,BG,2023-07,19666666.666666668
ES,BR,2023-07,137000000.0
ES,CA,2023-07,135000000.0
ES,CH,2023-07,688333333.3333334
ES,CN,2023-07,109333333.33333333
ES,CY,2023-07,16333333.333333332
ES,CZ,2023-07,91000000.0
ES,DE,2023-07,1898666666.6666667
ES,DK,2023-07,204000000.0
ES,EE,2023-07,15666666.666666666
ES,FI,2023-07,69666666.66666667
ES,FR,2023-07,2357333333.3333335
ES,GR,2023-07,53333333.333333336
ES,HK,2023-07,25666666.666666668
ES,HR,2023-07,17333333.333333332
ES,HU,2023-07,44666666.666666664
ES,IE,2023-07,636333333.3333334
ES,IN,2023-07,63333333.333333336
ES,IT,2023-07,795666666.6666666
ES,JP,2023-07,73333333.33333333
ES,LT,2023-07,21666666.666666668
ES,LU,2023-07,337666666.6666667
ES,MT,2023-07,33333333.333333336
ES,NL,2023-07,1083333333.3333333
ES,PL,2023-07,265000000.0
ES,PT,2023-07,502666666.6666667
ES,RO,2023-07,46000000.0
ES,RU,2023-07,50333333.333333336
ES,SE,2023-07,239000000.0
ES,SI,2023-07,16666666.666666668
ES,SK,2023-07,28000000.0
ES,UK,2023-07,2652666666.6666665
ES,US,2023-07,1362333333.3333333
ES,AT,2023-08,153333333.33333334
ES,BE,2023-08,515222222.22222227
ES,BG,2023-08,17444444.444444448
ES,BR,2023-08,139000000.0
ES,CA,2023-08,122777777.77777778
ES,CH,2023-08,684000000.0
ES,CN,2023-08,119666666.66666667
ES,CY,2023-08,16777777.77777778
ES,CZ,2023-08,91333333.33333333
ES,DE,2023-08,1836444444.4444444
ES,DK,2023-08,197333333.33333334
ES,EE,2023-08,14888888.888888888
ES,FI,2023-08,87888888.8888889
ES,FR,2023-08,2106555555.5555556
ES,GR,2023-08,53777777.777777776
ES,HK,2023-08,25555555.555555556
ES,HR,2023-08,14111111.111111112
ES,HU,2023-08,41111111.111111104
ES,IE,2023-08,585777777.7777777
ES,IN,2023-08,62888888.88888889
ES,IT,2023-08,734222222.2222222
ES,JP,2023-08,79666666.66666667
ES,LT,2023-08,20000000.0
ES,LU,2023-08,370000000.0
ES,MT,2023-08,35111111.111111104
ES,NL,2023-08,997333333.3333334
ES,PL,2023-08,251111111.1111111
ES,PT,2023-08,469333333.3333333
ES,RO,2023-08,53888888.88888889
ES,RU,2023-08,46000000.0
ES,SE,2023-08,249444444.44444445
ES,SI,2023-08,16000000.0
ES,SK,2023-08,24777777.777777776
ES,UK,2023-08,2405000000.0
ES,US,2023-08,1357777777.777778
ES,AT,2023-09,124333333.33333333
ES,BE,2023-09,467777777.7777778
ES,BG,2023-09,15222222.222222222
ES,BR,2023-09,141000000.0
ES,CA,2023-09,110555555.55555555
ES,CH,2023-09,679666666.6666666
ES,CN,2023-09,130000000.0
ES,CY,2023-09,17222222.22222222
ES,CZ,2023-09,91666666.66666667
ES,DE,2023-09,1774222222.2222223
ES,DK,2023-09,190666666.66666666
ES,EE,2023-09,14111111.111111112
ES,FI,2023-09,106111111.1111111
ES,FR,2023-09,1855777777.7777777
ES,GR,2023-09,54222222.222222224
ES,HK,2023-09,25444444.444444444
ES,HR,2023-09,10888888.888888892
ES,HU,2023-09,37555555.55555556
ES,IE,2023-09,535222222.22222227
ES,IN,2023-09,62444444.44444445
ES,IT,2023-09,672777777.7777777
ES,JP,2023-09,86000000.0
ES,LT,2023-09,18333333.333333332
ES,LU,2023-09,402333333.3333333
ES,MT,2023-09,36888888.888888896
ES,NL,2023-09,911333333.3333334
ES,PL,2023-09,237222222.2222222
ES,PT,2023-09,436000000.0
ES,RO,2023-09,61777777.777777776
ES,RU,2023-09,41666666.666666664
ES,SE,2023-09,259888888.88888887
ES,SI,2023-09,15333333.333333334
ES,SK,2023-09,21555555.555555556
ES,UK,2023-09,2157333333.3333335
ES,US,2023-09,1353222222.222222
ES,AT,2023-10,95333333.33333333
ES,BE,2023-10,420333333.3333333
ES,BG,2023-10,13000000.0
ES,BR,2023-10,143000000.0
ES,CA,2023-10,98333333.33333333
ES,CH,2023-10,675333333.3333334
ES,CN,2023-10,140333333.33333334
ES,CY,2023-10,17666666.666666668
ES,CZ,2023-10,92000000.0
ES,DE,2023-10,1712000000.0
ES,DK,2023-10,184000000.0
ES,EE,2023-10,13333333.333333334
ES,FI,2023-10,124333333.33333333
ES,FR,2023-10,1605000000.0
ES,GR,2023-10,54666666.666666664
ES,HK,2023-10,25333333.333333332
ES,HR,2023-10,7666666.666666667
ES,HU,2023-10,34000000.0
ES,IE,2023-10,484666666.6666667
ES,IN,2023-10,62000000.0
ES,IT,2023-10,611333333.3333334
ES,JP,2023-10,92333333.33333333
ES,LT,2023-10,16666666.666666668
ES,LU,2023-10,434666666.6666667
ES,MT,2023-10,38666666.666666664
ES,NL,2023-10,825333333.3333334
ES,PL,2023-10,223333333.33333334
ES,PT,2023-10,402666666.6666667
ES,RO,2023-10,69666666.66666667
ES,RU,2023-10,37333333.333333336
ES,SE,2023-10,270333333.3333333
ES,SI,2023-10,14666666.666666666
ES,SK,2023-10,18333333.333333332
ES,UK,2023-10,1909666666.6666667
ES,US,2023-10,1348666666.6666667
ES,AT,2023-11,87000000.0
ES,BE,2023-11,404444444.4444444
ES,BG,2023-11,16333333.333333332
ES,BR,2023-11,138888888.8888889
ES,CA,2023-11,98888888.8888889
ES,CH,2023-11,630111111.111111
ES,CN,2023-11,124000000.0
ES,CY,2023-11,20777777.77777778
ES,CZ,2023-11,83111111.11111112
ES,DE,2023-11,1640666666.6666667
ES,DK,2023-11,193333333.33333334
ES,EE,2023-11,14111111.111111112
ES,FI,2023-11,118444444.44444445
ES,FR,2023-11,1541777777.7777777
ES,GR,2023-11,54444444.44444445
ES,HK,2023-11,24666666.666666668
ES,HR,2023-11,10333333.333333334
ES,HU,2023-11,38111111.111111104
ES,IE,2023-11,489333333.3333333
ES,IN,2023-11,55333333.333333336
ES,IT,2023-11,576111111.111111
ES,JP,2023-11,91222222.22222222
ES,LT,2023-11,17333333.333333332
ES,LU,2023-11,396444444.4444444
ES,MT,2023-11,40111111.111111104
ES,NL,2023-11,813888888.8888888
ES,PL,2023-11,224333333.33333334
ES,PT,2023-11,393555555.5555556
ES,RO,2023-11,61111111.11111111
ES,RU,2023-11,35888888.888888896
ES,SE,2023-11,258888888.88888887
ES,SI,2023-11,14666666.666666666
ES,SK,2023-11,16888888.888888888
ES,UK,2023-11,1836111111.1111112
ES,US,2023-11,1340666666.6666667
ES,AT,2023-12,78666666.66666667
ES,BE,2023-12,388555555.5555556
ES,BG,2023-12,19666666.666666668
ES,BR,2023-12,134777777.77777776
ES,CA,2023-12,99444444.44444445
ES,CH,2023-12,584888888.888889
ES,CN,2023-12,107666666.66666667
ES,CY,2023-12,23888888.888888888
ES,CZ,2023-12,74222222.22222221
ES,DE,2023-12,1569333333.3333333
ES,DK,2023-12,202666666.66666666
ES,EE,2023-12,14888888.888888888
ES,FI,2023-12,112555555.55555555
ES,FR,2023-12,1478555555.5555556
ES,GR,2023-12,54222222.222222224
ES,HK,2023-12,24000000.0
ES,HR,2023-12,13000000.0
ES,HU,2023-12,42222222.222222224
ES,IE,2023-12,494000000.0
ES,IN,2023-12,48666666.666666664
ES,IT,2023-12,540888888.888889
ES,JP,2023-12,90111111.1111111
ES,LT,2023-12,18000000.0
ES,LU,2023-12,358222222.2222222
ES,MT,2023-12,41555555.55555556
ES,NL,2023-12,802444444.4444444
ES,PL,2023-12,225333333.33333334
ES,PT,2023-12,384444444.4444444
ES,RO,2023-12,52555555.55555555
ES,RU,2023-12,34444444.44444444
ES,SE,2023-12,247444444.44444445
ES,SI,2023-12,14666666.666666666
ES,SK,2023-12,15444444.444444444
ES,UK,2023-12,1762555555.5555556
ES,US,2023-12,1332666666.6666667
ES,AT,2024-01,70333333.33333333
ES,BE,2024-01,372666666.6666667
ES,BG,2024-01,23000000.0
ES,BR,2024-01,130666666.66666666
ES,CA,2024-01,100000000.0
ES,CH,2024-01,539666666.6666666
ES,CN,2024-01,91333333.33333333
ES,CY,2024-01,27000000.0
ES,CZ,2024-01,65333333.33333333
ES,DE,2024-01,1498000000.0
ES,DK,2024-01,212000000.0
ES,EE,2024-01,15666666.666666666
ES,FI,2024-01,106666666.66666667
ES,FR,2024-01,1415333333.3333333
ES,GR,2024-01,54000000.0
ES,HK,2024-01,23333333.333333332
ES,HR,2024-01,15666666.666666666
ES,HU,2024-01,46333333.333333336
ES,IE,2024-01,498666666.6666667
ES,IN,2024-01,42000000.0
ES,IT,2024-01,505666666.6666667
ES,JP,2024-01,89000000.0
ES,LT,2024-01,18666666.666666668
ES,LU,2024-01,320000000.0
ES,MT,2024-01,43000000.0
ES,NL,2024-01,791000000.0
ES,PL,2024-01,226333333.33333334
ES,PT,2024-01,375333333.3333333
ES,RO,2024-01,44000000.0
ES,RU,2024-01,33000000.0
ES,SE,2024-01,236000000.0
ES,SI,2024-01,14666666.666666666
ES,SK,2024-01,14000000.0
ES,UK,2024-01,1689000000.0
ES,US,2024-01,1324666666.6666667
ES,AT,2024-02,102444444.44444445
ES,BE,2024-02,407444444.4444444
ES,BG,2024-02,27000000.0
ES,BR,2024-02,151111111.1111111
ES,CA,2024-02,102777777.77777778
ES,CH,2024-02,598777777.7777777
ES,CN,2024-02,105777777.77777778
ES,CY,2024-02,27000000.0
ES,CZ,2024-02,75555555.55555555
ES,DE,2024-02,1632777777.7777777
ES,DK,2024-02,196222222.2222222
ES,EE,2024-02,15111111.111111112
ES,FI,2024-02,99444444.44444445
ES,FR,2024-02,1576111111.1111112
ES,GR,2024-02,60222222.222222224
ES,HK,2024-02,27333333.333333332
ES,HR,2024-02,14111111.111111112
ES,HU,2024-02,52888888.88888889
ES,IE,2024-02,580333333.3333334
ES,IN,2024-02,58222222.222222224
ES,IT,2024-02,555777777.7777777
ES,JP,2024-02,102000000.0
ES,LT,2024-02,20888888.888888888
ES,LU,2024-02,320888888.88888884
ES,MT,2024-02,40666666.666666664
ES,NL,2024-02,862666666.6666666
ES,PL,2024-02,238444444.44444445
ES,PT,2024-02,391888888.8888889
ES,RO,2024-02,45111111.11111111
ES,RU,2024-02,35111111.111111104
ES,SE,2024-02,251777777.7777778
ES,SI,2024-02,15666666.666666666
ES,SK,2024-02,21888888.888888888
ES,UK,2024-02,1945777777.7777777
ES,US,2024-02,1470444444.4444444
ES,AT,2024-03,134555555.55555555
ES,BE,2024-03,442222222.2222222
ES,BG,2024-03,31000000.0
ES,BR,2024-03,171555555.55555555
ES,CA,2024-03,105555555.55555555
ES,CH,2024-03,657888888.888889
ES,CN,2024-03,120222222.22222222
ES,CY,2024-03,27000000.0
ES,CZ,2024-03,85777777.77777778
ES,DE,2024-03,1767555555.5555556
ES,DK,2024-03,180444444.44444445
ES,EE,2024-03,14555555.555555556
ES,FI,2024-03,92222222.22222222
ES,FR,2024-03,1736888888.8888888
ES,GR,2024-03,66444444.44444444
ES,HK,2024-03,31333333.333333332
ES,HR,2024-03,12555555.555555556
ES,HU,2024-03,59444444.44444445
ES,IE,2024-03,662000000.0
ES,IN,2024-03,74444444.44444445
ES,IT,2024-03,605888888.888889
ES,JP,2024-03,115000000.0
ES,LT,2024-03,23111111.111111112
ES,LU,2024-03,321777777.7777778
ES,MT,2024-03,38333333.333333336
ES,NL,2024-03,934333333.3333334
ES,PL,2024-03,250555555.55555555
ES,PT,2024-03,408444444.4444444
ES,RO,2024-03,46222222.222222224
ES,RU,2024-03,37222222.222222224
ES,SE,2024-03,267555555.55555555
ES,SI,2024-03,16666666.666666668
ES,SK,2024-03,29777777.777777784
ES,UK,2024-03,2202555555.555556
ES,US,2024-03,1616222222.2222223
ES,AT,2024-04,166666666.66666666
ES,BE,2024-04,477000000.0
ES,BG,2024-04,35000000.0
ES,BR,2024-04,192000000.0
ES,CA,2024-04,108333333.33333333
ES,CH,2024-04,717000000.0
ES,CN,2024-04,134666666.66666666
ES,CY,2024-04,27000000.0
ES,CZ,2024-04,96000000.0
ES,DE,2024-04,1902333333.3333333
ES,DK,2024-04,164666666.66666666
ES,EE,2024-04,14000000.0
ES,FI,2024-04,85000000.0
ES,FR,2024-04,1897666666.6666667
ES,GR,2024-04,72666666.66666667
ES,HK,2024-04,35333333.333333336
ES,HR,2024-04,11000000.0
ES,HU,2024-04,66000000.0
ES,IE,2024-04,743666666.6666666
ES,IN,2024-04,90666666.66666667
ES,IT,2024-04,656000000.0
ES,JP,2024-04,128000000.0
ES,LT,2024-04,25333333.333333332
ES,LU,2024-04,322666666.6666667
ES,MT,2024-04,36000000.0
ES,NL,2024-04,1006000000.0
ES,PL,2024-04,262666666.6666667
ES,PT,2024-04,425000000.0
ES,RO,2024-04,47333333.333333336
ES,RU,2024-04,39333333.333333336
ES,SE,2024-04,283333333.3333333
ES,SI,2024-04,17666666.666666668
ES,SK,2024-04,37666666.666666664
ES,UK,2024-04,2459333333.3333335
ES,US,2024-04,1762000000.0
ES,AT,2024-05,173000000.0
ES,BE,2024-05,532444444.4444445
ES,BG,2024-05,29333333.333333332
ES,BR,2024-05,187000000.0
ES,CA,2024-05,118888888.8888889
ES,CH,2024-05,736333333.3333334
ES,CN,2024-05,148444444.44444442
ES,CY,2024-05,28777777.777777776
ES,CZ,2024-05,119555555.55555555
ES,DE,2024-05,1970555555.5555556
ES,DK,2024-05,185222222.2222222
ES,EE,2024-05,14666666.666666666
ES,FI,2024-05,83888888.88888888
ES,FR,2024-05,2099111111.111111
ES,GR,2024-05,67666666.66666667
ES,HK,2024-05,36222222.222222224
ES,HR,2024-05,10666666.666666666
ES,HU,2024-05,66333333.33333333
ES,IE,2024-05,736111111.1111112
ES,IN,2024-05,83888888.88888888
ES,IT,2024-05,714111111.1111112
ES,JP,2024-05,114666666.66666667
ES,LT,2024-05,21555555.555555556
ES,LU,2024-05,350222222.2222222
ES,MT,2024-05,35666666.666666664
ES,NL,2024-05,1082666666.6666667
ES,PL,2024-05,286555555.5555555
ES,PT,2024-05,469666666.6666667
ES,RO,2024-05,62333333.333333336
ES,RU,2024-05,46888888.88888889
ES,SE,2024-05,276444444.4444445
ES,SI,2024-05,15555555.555555556
ES,SK,2024-05,39111111.111111104
ES,UK,2024-05,2644333333.3333335
ES,US,2024-05,1685333333.3333333
ES,AT,2024-06,179333333.33333334
ES,BE,2024-06,587888888.888889
ES,BG,2024-06,23666666.666666668
ES,BR,2024-06,182000000.0
ES,CA,2024-06,129444444.44444443
ES,CH,2024-06,755666666.6666666
ES,CN,2024-06,162222222.22222224
ES,CY,2024-06,30555555.555555556
ES,CZ,2024-06,143111111.1111111
ES,DE,2024-06,2038777777.7777777
ES,DK,2024-06,205777777.7777778
ES,EE,2024-06,15333333.333333334
ES,FI,2024-06,82777777.77777779
ES,FR,2024-06,2300555555.555556
ES,GR,2024-06,62666666.666666664
ES,HK,2024-06,37111111.111111104
ES,HR,2024-06,10333333.333333334
ES,HU,2024-06,66666666.66666667
ES,IE,2024-06,728555555.5555556
ES,IN,2024-06,77111111.11111112
ES,IT,2024-06,772222222.2222222
ES,JP,2024-06,101333333.33333333
ES,LT,2024-06,17777777.777777776
ES,LU,2024-06,377777777.7777778
ES,MT,2024-06,35333333.333333336
ES,NL,2024-06,1159333333.3333333
ES,PL,2024-06,310444444.4444445
ES,PT,2024-06,514333333.3333334
ES,RO,2024-06,77333333.33333333
ES,RU,2024-06,54444444.44444445
ES,SE,2024-06,269555555.5555555
ES,SI,2024-06,13444444.444444444
ES,SK,2024-06,40555555.55555556
ES,UK,2024-06,2829333333.3333335
ES,US,2024-06,1608666666.6666667
ES,AT,2024-07,185666666.66666666
ES,BE,2024-07,643333333.3333334
ES,BG,2024-07,18000000.0
ES,BR,2024-07,177000000.0
ES,CA,2024-07,140000000.0
ES,CH,2024-07,775000000.0
ES,CN,2024-07,176000000.0
ES,CY,2024-07,32333333.333333336
ES,CZ,2024-07,166666666.66666666
ES,DE,2024-07,2107000000.0
ES,DK,2024-07,226333333.33333334
ES,EE,2024-07,16000000.0
ES,FI,2024-07,81666666.66666667
ES,FR,2024-07,2502000000.0
ES,GR,2024-07,57666666.666666664
ES,HK,2024-07,38000000.0
ES,HR,2024-07,10000000.0
ES,HU,2024-07,67000000.0
ES,IE,2024-07,721000000.0
ES,IN,2024-07,70333333.33333333
ES,IT,2024-07,830333333.3333334
ES,JP,2024-07,88000000.0
ES,LT,2024-07,14000000.0
ES,LU,2024-07,405333333.3333333
ES,MT,2024-07,35000000.0
ES,NL,2024-07,1236000000.0
ES,PL,2024-07,334333333.3333333
ES,PT,2024-07,559000000.0
ES,RO,2024-07,92333333.33333333
ES,RU,2024-07,62000000.0
ES,SE,2024-07,262666666.6666667
ES,SI,2024-07,11333333.333333334
ES,SK,2024-07,42000000.0
ES,UK,2024-07,3014333333.3333335
ES,US,2024-07,1532000000.0
ES,AT,2024-08,167444444.44444442
ES,BE,2024-08,587444444.4444444
ES,BG,2024-08,19555555.555555552
ES,BR,2024-08,173555555.55555555
ES,CA,2024-08,129000000.0
ES,CH,2024-08,767333333.3333334
ES,CN,2024-08,166333333.33333334
ES,CY,2024-08,34666666.666666664
ES,CZ,2024-08,140777777.77777776
ES,DE,2024-08,2052777777.777778
ES,DK,2024-08,222000000.0
ES,EE,2024-08,19222222.22222222
ES,FI,2024-08,97000000.0
ES,FR,2024-08,2269444444.444444
ES,GR,2024-08,63222222.222222224
ES,HK,2024-08,37000000.0
ES,HR,2024-08,10000000.0
ES,HU,2024-08,58222222.222222224
ES,IE,2024-08,688888888.8888888
ES,IN,2024-08,65888888.88888889
ES,IT,2024-08,775222222.2222222
ES,JP,2024-08,94333333.33333333
ES,LT,2024-08,20666666.666666668
ES,LU,2024-08,383333333.3333333
ES,MT,2024-08,34222222.222222224
ES,NL,2024-08,1177444444.4444447
ES,PL,2024-08,315444444.4444445
ES,PT,2024-08,531333333.3333334
ES,RO,2024-08,78555555.55555555
ES,RU,2024-08,52777777.777777776
ES,SE,2024-08,266444444.44444445
ES,SI,2024-08,11555555.555555556
ES,SK,2024-08,35444444.44444444
ES,UK,2024-08,2695555555.555556
ES,US,2024-08,1589555555.5555556
ES,AT,2024-09,149222222.22222224
ES,BE,2024-09,531555555.5555555
ES,BG,2024-09,21111111.111111112
ES,BR,2024-09,170111111.1111111
ES,CA,2024-09,118000000.0
ES,CH,2024-09,759666666.6666666
ES,CN,2024-09,156666666.66666666
ES,CY,2024-09,37000000.0
ES,CZ,2024-09,114888888.88888887
ES,DE,2024-09,1998555555.5555556
ES,DK,2024-09,217666666.66666666
ES,EE,2024-09,22444444.444444444
ES,FI,2024-09,112333333.33333333
ES,FR,2024-09,2036888888.8888888
ES,GR,2024-09,68777777.77777779
ES,HK,2024-09,36000000.0
ES,HR,2024-09,10000000.0
ES,HU,2024-09,49444444.44444445
ES,IE,2024-09,656777777.7777777
ES,IN,2024-09,61444444.44444445
ES,IT,2024-09,720111111.1111112
ES,JP,2024-09,100666666.66666667
ES,LT,2024-09,27333333.333333332
ES,LU,2024-09,361333333.3333333
ES,MT,2024-09,33444444.444444444
ES,NL,2024-09,1118888888.8888888
ES,PL,2024-09,296555555.5555555
ES,PT,2024-09,503666666.6666667
ES,RO,2024-09,64777777.77777777
ES,RU,2024-09,43555555.55555555
ES,SE,2024-09,270222222.2222222
ES,SI,2024-09,11777777.777777778
ES,SK,2024-09,28888888.888888884
ES,UK,2024-09,2376777777.7777777
ES,US,2024-09,1647111111.1111112
ES,AT,2024-10,131000000.0
ES,BE,2024-10,475666666.6666667
ES,BG,2024-10,22666666.666666668
ES,BR,2024-10,166666666.66666666
ES,CA,2024-10,107000000.0
ES,CH,2024-10,752000000.0
ES,CN,2024-10,147000000.0
ES,CY,2024-10,39333333.333333336
ES,CZ,2024-10,89000000.0
ES,DE,2024-10,1944333333.3333333
ES,DK,2024-10,213333333.33333334
ES,EE,2024-10,25666666.666666668
ES,FI,2024-10,127666666.66666667
ES,FR,2024-10,1804333333.3333333
ES,GR,2024-10,74333333.33333333
ES,HK,2024-10,35000000.0
ES,HR,2024-10,10000000.0
ES,HU,2024-10,40666666.666666664
ES,IE,2024-10,624666666.6666666
ES,IN,2024-10,57000000.0
ES,IT,2024-10,665000000.0
ES,JP,2024-10,107000000.0
ES,LT,2024-10,34000000.0
ES,LU,2024-10,339333333.3333333
ES,MT,2024-10,32666666.666666664
ES,NL,2024-10,1060333333.3333333
ES,PL,2024-10,277666666.6666667
ES,PT,2024-10,476000000.0
ES,RO,2024-10,51000000.0
ES,RU,2024-10,34333333.333333336
ES,SE,2024-10,274000000.0
ES,SI,2024-10,12000000.0
ES,SK,2024-10,22333333.333333332
ES,UK,2024-10,2058000000.0
ES,US,2024-10,1704666666.6666667
ES,AT,2024-11,124888888.8888889
ES,BE,2024-11,451222222.2222222
ES,BG,2024-11,23333333.333333332
ES,BR,2024-11,166000000.0
ES,CA,2024-11,120444444.44444445
ES,CH,2024-11,728000000.0
ES,CN,2024-11,140333333.33333334
ES,CY,2024-11,38000000.0
ES,CZ,2024-11,93111111.1111111
ES,DE,2024-11,1847555555.5555556
ES,DK,2024-11,221444444.44444445
ES,EE,2024-11,20222222.222222224
ES,FI,2024-11,124555555.55555555
ES,FR,2024-11,1734888888.8888888
ES,GR,2024-11,69666666.66666667
ES,HK,2024-11,46222222.222222224
ES,HR,2024-11,10888888.888888888
ES,HU,2024-11,46000000.0
ES,IE,2024-11,623444444.4444444
ES,IN,2024-11,55666666.666666664
ES,IT,2024-11,639000000.0
ES,JP,2024-11,101222222.22222222
ES,LT,2024-11,36888888.888888896
ES,LU,2024-11,346333333.3333333
ES,MT,2024-11,35555555.55555556
ES,NL,2024-11,1079666666.6666667
ES,PL,2024-11,277111111.11111116
ES,PT,2024-11,460666666.6666667
ES,RO,2024-11,53111111.11111111
ES,RU,2024-11,34111111.111111104
ES,SE,2024-11,277333333.3333333
ES,SI,2024-11,13444444.444444444
ES,SK,2024-11,27777777.777777776
ES,UK,2024-11,1995888888.8888888
ES,US,2024-11,1622111111.1111112
ES,AT,2024-12,118777777.77777778
ES,BE,2024-12,426777777.7777778
ES,BG,2024-12,24000000.0
ES,BR,2024-12,165333333.33333334
ES,CA,2024-12,133888888.88888888
ES,CH,2024-12,704000000.0
ES,CN,2024-12,133666666.66666666
ES,CY,2024-12,36666666.666666664
ES,CZ,2024-12,97222222.22222222
ES,DE,2024-12,1750777777.7777777
ES,DK,2024-12,229555555.55555555
ES,EE,2024-12,14777777.777777778
ES,FI,2024-12,121444444.44444445
ES,FR,2024-12,1665444444.4444444
ES,GR,2024-12,65000000.0
ES,HK,2024-12,57444444.44444443
ES,HR,2024-12,11777777.777777778
ES,HU,2024-12,51333333.333333336
ES,IE,2024-12,622222222.2222223
ES,IN,2024-12,54333333.333333336
ES,IT,2024-12,613000000.0
ES,JP,2024-12,95444444.44444445
ES,LT,2024-12,39777777.777777776
ES,LU,2024-12,353333333.3333333
ES,MT,2024-12,38444444.44444444
ES,NL,2024-12,1099000000.0
ES,PL,2024-12,276555555.5555555
ES,PT,2024-12,445333333.3333333
ES,RO,2024-12,55222222.222222224
ES,RU,2024-12,33888888.888888896
ES,SE,2024-12,280666666.6666667
ES,SI,2024-12,14888888.888888888
ES,SK,2024-12,33222222.22222222
ES,UK,2024-12,1933777777.7777777
ES,US,2024-12,1539555555.5555556
ES,AT,2025-01,112666666.66666667
ES,BE,2025-01,402333333.3333333
ES,BG,2025-01,24666666.666666668
ES,BR,2025-01,164666666.66666666
ES,CA,2025-01,147333333.33333334
ES,CH,2025-01,680000000.0
ES,CN,2025-01,127000000.0
ES,CY,2025-01,35333333.333333336
ES,CZ,2025-01,101333333.33333333
ES,DE,2025-01,1654000000.0
ES,DK,2025-01,237666666.66666666
ES,EE,2025-01,9333333.333333334
ES,FI,2025-01,118333333.33333333
ES,FR,2025-01,1596000000.0
ES,GR,2025-01,60333333.333333336
ES,HK,2025-01,68666666.66666667
ES,HR,2025-01,12666666.666666666
ES,HU,2025-01,56666666.666666664
ES,IE,2025-01,621000000.0
ES,IN,2025-01,53000000.0
ES,IT,2025-01,587000000.0
ES,JP,2025-01,89666666.66666667
ES,LT,2025-01,42666666.666666664
ES,LU,2025-01,360333333.3333333
ES,MT,2025-01,41333333.333333336
ES,NL,2025-01,1118333333.3333333
ES,PL,2025-01,276000000.0
ES,PT,2025-01,430000000.0
ES,RO,2025-01,57333333.333333336
ES,RU,2025-01,33666666.666666664
ES,SE,2025-01,284000000.0
ES,SI,2025-01,16333333.333333332
ES,SK,2025-01,38666666.666666664
ES,UK,2025-01,1871666666.6666667
ES,US,2025-01,1457000000.0
ES,AT,2025-02,128888888.88888888
ES,BE,2025-02,445222222.2222222
ES,BG,2025-02,22111111.111111112
ES,BR,2025-02,179000000.0
ES,CA,2025-02,148111111.1111111
ES,CH,2025-02,756000000.0
ES,CN,2025-02,148777777.77777776
ES,CY,2025-02,35111111.111111104
ES,CZ,2025-02,105777777.77777778
ES,DE,2025-02,1788444444.4444444
ES,DK,2025-02,240666666.66666666
ES,EE,2025-02,13111111.111111112
ES,FI,2025-02,109888888.8888889
ES,FR,2025-02,1751555555.5555556
ES,GR,2025-02,61444444.44444445
ES,HK,2025-02,69444444.44444445
ES,HR,2025-02,14777777.777777778
ES,HU,2025-02,54000000.0
ES,IE,2025-02,672444444.4444444
ES,IN,2025-02,51222222.222222224
ES,IT,2025-02,634111111.111111
ES,JP,2025-02,94555555.55555555
ES,LT,2025-02,38777777.777777776
ES,LU,2025-02,402222222.2222222
ES,MT,2025-02,41444444.44444444
ES,NL,2025-02,1205666666.6666667
ES,PL,2025-02,284333333.3333333
ES,PT,2025-02,455444444.4444444
ES,RO,2025-02,60777777.777777776
ES,RU,2025-02,33000000.0
ES,SE,2025-02,281111111.11111116
ES,SI,2025-02,16777777.77777778
ES,SK,2025-02,34777777.777777776
ES,UK,2025-02,2134555555.5555556
ES,US,2025-02,1589000000.0
ES,AT,2025-03,145111111.1111111
ES,BE,2025-03,488111111.1111111
ES,BG,2025-03,19555555.555555552
ES,BR,2025-03,193333333.33333334
ES,CA,2025-03,148888888.8888889
ES,CH,2025-03,832000000.0
ES,CN,2025-03,170555555.55555555
ES,CY,2025-03,34888888.888888896
ES,CZ,2025-03,110222222.22222222
ES,DE,2025-03,1922888888.8888888
ES,DK,2025-03,243666666.66666666
ES,EE,2025-03,16888888.888888888
ES,FI,2025-03,101444444.44444445
ES,FR,2025-03,1907111111.1111112
ES,GR,2025-03,62555555.55555555
ES,HK,2025-03,70222222.22222221
ES,HR,2025-03,16888888.888888888
ES,HU,2025-03,51333333.333333336
ES,IE,2025-03,723888888.8888888
ES,IN,2025-03,49444444.44444445
ES,IT,2025-03,681222222.2222223
ES,JP,2025-03,99444444.44444445
ES,LT,2025-03,34888888.888888896
ES,LU,2025-03,444111111.1111111
ES,MT,2025-03,41555555.55555556
ES,NL,2025-03,1293000000.0
ES,PL,2025-03,292666666.6666667
ES,PT,2025-03,480888888.8888889
ES,RO,2025-03,64222222.22222222
ES,RU,2025-03,32333333.333333336
ES,SE,2025-03,278222222.2222222
ES,SI,2025-03,17222222.22222222
ES,SK,2025-03,30888888.888888888
ES,UK,2025-03,2397444444.444444
ES,US,2025-03,1721000000.0
ES,AT,2025-04,161333333.33333334
ES,BE,2025-04,531000000.0
ES,BG,2025-04,17000000.0
ES,BR,2025-04,207666666.66666666
ES,CA,2025-04,149666666.66666666
ES,CH,2025-04,908000000.0
ES,CN,2025-04,192333333.33333334
ES,CY,2025-04,34666666.666666664
ES,CZ,2025-04,114666666.66666667
ES,DE,2025-04,2057333333.3333335
ES,DK,2025-04,246666666.66666666
ES,EE,2025-04,20666666.666666668
ES,FI,2025-04,93000000.0
ES,FR,2025-04,2062666666.6666665
ES,GR,2025-04,63666666.666666664
ES,HK,2025-04,71000000.0
ES,HR,2025-04,19000000.0
ES,HU,2025-04,48666666.666666664
ES,IE,2025-04,775333333.3333334
ES,IN,2025-04,47666666.666666664
ES,IT,2025-04,728333333.3333334
ES,JP,2025-04,104333333.33333333
ES,LT,2025-04,31000000.0
ES,LU,2025-04,486000000.0
ES,MT,2025-04,41666666.666666664
ES,NL,2025-04,1380333333.3333333
ES,PL,2025-04,301000000.0
ES,PT,2025-04,506333333.3333333
ES,RO,2025-04,67666666.66666667
ES,RU,2025-04,31666666.666666668
ES,SE,2025-04,275333333.3333333
ES,SI,2025-04,17666666.666666668
ES,SK,2025-04,27000000.0
ES,UK,2025-04,2660333333.3333335
ES,US,2025-04,1853000000.0
ES,AT,2025-05,165666666.66666666
ES,BE,2025-05,578777777.7777777
ES,BG,2025-05,17666666.666666668
ES,BR,2025-05,205444444.44444445
ES,CA,2025-05,143555555.55555558
ES,CH,2025-05,900333333.3333334
ES,CN,2025-05,186555555.55555555
ES,CY,2025-05,33000000.0
ES,CZ,2025-05,124555555.55555555
ES,DE,2025-05,2081000000.0
ES,DK,2025-05,256333333.3333333
ES,EE,2025-05,22000000.0
ES,FI,2025-05,93888888.8888889
ES,FR,2025-05,2273888888.8888893
ES,GR,2025-05,61777777.777777776
ES,HK,2025-05,68222222.22222221
ES,HR,2025-05,17555555.555555552
ES,HU,2025-05,55333333.333333336
ES,IE,2025-05,806111111.1111112
ES,IN,2025-05,55666666.666666664
ES,IT,2025-05,781444444.4444444
ES,JP,2025-05,98333333.33333333
ES,LT,2025-05,32333333.333333336
ES,LU,2025-05,514111111.1111111
ES,MT,2025-05,43666666.666666664
ES,NL,2025-05,1404888888.8888888
ES,PL,2025-05,337555555.5555555
ES,PT,2025-05,562111111.111111
ES,RO,2025-05,70111111.11111112
ES,RU,2025-05,39111111.111111104
ES,SE,2025-05,281666666.6666667
ES,SI,2025-05,14111111.111111112
ES,SK,2025-05,26777777.777777776
ES,UK,2025-05,2825333333.3333335
ES,US,2025-05,1774777777.7777777
ES,AT,2025-06,170000000.0
ES,BE,2025-06,626555555.5555556
ES,BG,2025-06,18333333.333333332
ES,BR,2025-06,203222222.2222222
ES,CA,2025-06,137444444.44444442
ES,CH,2025-06,892666666.6666666
ES,CN,2025-06,180777777.7777778
ES,CY,2025-06,31333333.333333332
ES,CZ,2025-06,134444444.44444442
ES,DE,2025-06,2104666666.6666665
ES,DK,2025-06,266000000.0
ES,EE,2025-06,23333333.333333332
ES,FI,2025-06,94777777.77777778
ES,FR,2025-06,2485111111.1111107
ES,GR,2025-06,59888888.88888889
ES,HK,2025-06,65444444.44444444
ES,HR,2025-06,16111111.11111111
ES,HU,2025-06,62000000.0
ES,IE,2025-06,836888888.8888888
ES,IN,2025-06,63666666.666666664
ES,IT,2025-06,834555555.5555556
ES,JP,2025-06,92333333.33333333
ES,LT,2025-06,33666666.666666664
ES,LU,2025-06,542222222.2222223
ES,MT,2025-06,45666666.666666664
ES,NL,2025-06,1429444444.4444444
ES,PL,2025-06,374111111.1111111
ES,PT,2025-06,617888888.888889
ES,RO,2025-06,72555555.55555555
ES,RU,2025-06,46555555.55555555
ES,SE,2025-06,288000000.0
ES,SI,2025-06,10555555.555555556
ES,SK,2025-06,26555555.555555556
ES,UK,2025-06,2990333333.3333335
ES,US,2025-06,1696555555.5555556
ES,AT,2025-07,174333333.33333334
ES,BE,2025-07,674333333.3333334
ES,BG,2025-07,19000000.0
ES,BR,2025-07,201000000.0
ES,CA,2025-07,131333333.33333334
ES,CH,2025-07,885000000.0
ES,CN,2025-07,175000000.0
ES,CY,2025-07,29666666.666666668
ES,CZ,2025-07,144333333.33333334
ES,DE,2025-07,2128333333.3333335
ES,DK,2025-07,275666666.6666667
ES,EE,2025-07,24666666.666666668
ES,FI,2025-07,95666666.66666667
ES,FR,2025-07,2696333333.3333335
ES,GR,2025-07,58000000.0
ES,HK,2025-07,62666666.666666664
ES,HR,2025-07,14666666.666666666
ES,HU,2025-07,68666666.66666667
ES,IE,2025-07,867666666.6666666
ES,IN,2025-07,71666666.66666667
ES,IT,2025-07,887666666.6666666
ES,JP,2025-07,86333333.33333333
ES,LT,2025-07,35000000.0
ES,LU,2025-07,570333333.3333334
ES,MT,2025-07,47666666.666666664
ES,NL,2025-07,1454000000.0
ES,PL,2025-07,410666666.6666667
ES,PT,2025-07,673666666.6666666
ES,RO,2025-07,75000000.0
ES,RU,2025-07,54000000.0
ES,SE,2025-07,294333333.3333333
ES,SI,2025-07,7000000.0
ES,SK,2025-07,26333333.333333332
ES,UK,2025-07,3155333333.3333335
ES,US,2025-07,1618333333.3333333
ES,AT,2025-08,174333333.33333334
ES,BE,2025-08,674333333.3333334
ES,BG,2025-08,19000000.0
ES,BR,2025-08,201000000.0
ES,CA,2025-08,131333333.33333334
ES,CH,2025-08,885000000.0
ES,CN,2025-08,175000000.0
ES,CY,2025-08,29666666.666666668
ES,CZ,2025-08,144333333.33333334
ES,DE,2025-08,2128333333.3333335
ES,DK,2025-08,275666666.6666667
ES,EE,2025-08,24666666.666666668
ES,FI,2025-08,95666666.66666667
ES,FR,2025-08,2696333333.3333335
ES,GR,2025-08,58000000.0
ES,HK,2025-08,62666666.666666664
ES,HR,2025-08,14666666.666666666
ES,HU,2025-08,68666666.66666667
ES,IE,2025-08,867666666.6666666
ES,IN,2025-08,71666666.66666667
ES,IT,2025-08,887666666.6666666
ES,JP,2025-08,86333333.33333333
ES,LT,2025-08,35000000.0
ES,LU,2025-08,570333333.3333334
ES,MT,2025-08,47666666.666666664
ES,NL,2025-08,1454000000.0
ES,PL,2025-08,410666666.6666667
ES,PT,2025-08,673666666.6666666
ES,RO,2025-08,75000000.0
ES,RU,2025-08,54000000.0
ES,SE,2025-08,294333333.3333333
ES,SI,2025-08,7000000.0
ES,SK,2025-08,26333333.333333332
ES,UK,2025-08,3155333333.3333335
ES,US,2025-08,1618333333.3333333
ES,AT,2025-09,174333333.33333334
ES,BE,2025-09,674333333.3333334
ES,BG,2025-09,19000000.0
ES,BR,2025-09,201000000.0
ES,CA,2025-09,131333333.33333334
ES,CH,2025-09,885000000.0
ES,CN,2025-09,175000000.0
ES,CY,2025-09,29666666.666666668
ES,CZ,2025-09,144333333.33333334
ES,DE,2025-09,2128333333.3333335
ES,DK,2025-09,275666666.6666667
ES,EE,2025-09,24666666.666666668
ES,FI,2025-09,95666666.66666667
ES,FR,2025-09,2696333333.3333335
ES,GR,2025-09,58000000.0
ES,HK,2025-09,62666666.666666664
ES,HR,2025-09,14666666.666666666
ES,HU,2025-09,68666666.66666667
ES,IE,2025-09,867666666.6666666
ES,IN,2025-09,71666666.66666667
ES,IT,2025-09,887666666.6666666
ES,JP,2025-09,86333333.33333333
ES,LT,2025-09,35000000.0
ES,LU,2025-09,570333333.3333334
ES,MT,2025-09,47666666.666666664
ES,NL,2025-09,1454000000.0
ES,PL,2025-09,410666666.6666667
ES,PT,2025-09,673666666.6666666
ES,RO,2025-09,75000000.0
ES,RU,2025-09,54000000.0
ES,SE,2025-09,294333333.3333333
ES,SI,2025-09,7000000.0
ES,SK,2025-09,26333333.333333332
ES,UK,2025-09,3155333333.3333335
ES,US,2025-09,1618333333.3333333
